PrDate_adjusted;Copenhagen;Frederiksberg;Dragør;Tårnby;Albertslund;Ballerup;Brøndby;Gentofte;Gladsaxe;Glostrup;Herlev;Hvidovre;Høje-Taastrup;Ishøj;Lyngby-Taarbæk;Rødovre;Vallensbæk;Allerød;Egedal;Fredensborg;Frederikssund;Furesø;Gribskov;Halsnæs;Helsingør;Hillerød;Hørsholm;Rudersdal;Bornholm;Christiansø;Greve;Køge;Lejre;Roskilde;Solrød;Faxe;Guldborgsund;Holbæk;Kalundborg;Lolland;Næstved;Odsherred;Ringsted;Slagelse;Sorø;Stevns;Vordingborg;Assens;Faaborg-Midtfyn;Kerteminde;Langeland;Middelfart;Nordfyns;Nyborg;Odense;Svendborg;Ærø;Billund;Esbjerg;Fanø;Fredericia;Haderslev;Kolding;Sønderborg;Tønder;Varde;Vejen;Vejle;Aabenraa;Favrskov;Hedensted;Horsens;Norddjurs;Odder;Randers;Samsø;Silkeborg;Skanderborg;Syddjurs;Aarhus;Herning;Holstebro;Ikast-Brande;Lemvig;Ringkøbing-Skjern;Skive;Struer;Viborg;Brønderslev;Frederikshavn;Hjørring;Jammerbugt;Læsø;Mariagerfjord;Morsø;Rebild;Thisted;Vesthimmerlands;Aalborg;"NA"
2020-01-27;   0;   0;  0;  0;  0;  0;  0;  0;  0;  0;  0;  0;  0;  0;  0;  0;  0;  0;  0;  0;  0;  0;  0;  0;  0;  0;  0;  0;  0;0;  0;  0;  0;   0;  0;  0;  0;  0;  0;  0;  0;  0;  0;  0;  0;  0;  0;  0;   0;  0; 0;  0;  0;  0;   0;  0; 0;  0;   0; 0;  0;  0;  0;  0;  0;  0;  0;   0;  0;  0;  0;  0;  0;  0;  0; 0;   0;  0;  0;   0;  0;  0;  0;  0;  0;  0;  0;  0;  0;  1;   0;  0;  0;  0;  0;  0;  0;  0;   0; 0
2020-01-29;   1;   0;  0;  0;  0;  0;  0;  0;  0;  0;  0;  0;  0;  0;  0;  0;  0;  0;  0;  0;  0;  0;  0;  0;  0;  0;  0;  0;  0;0;  0;  0;  0;   0;  0;  0;  0;  0;  0;  0;  0;  0;  0;  0;  0;  0;  0;  0;   0;  0; 0;  0;  0;  0;   0;  0; 0;  0;   0; 0;  0;  0;  0;  0;  0;  0;  0;   0;  0;  0;  0;  0;  0;  0;  0; 0;   0;  0;  0;   0;  0;  0;  0;  0;  0;  0;  0;  0;  0;  0;   0;  0;  0;  0;  0;  0;  0;  0;   0; 0
2020-02-02;   0;   0;  0;  0;  0;  0;  0;  0;  0;  0;  0;  0;  0;  0;  0;  0;  0;  0;  0;  0;  0;  0;  0;  0;  0;  0;  0;  0;  0;0;  0;  0;  0;   0;  0;  0;  0;  1;  0;  0;  0;  0;  0;  0;  0;  0;  0;  0;   0;  0; 0;  0;  0;  0;   0;  0; 0;  0;   0; 0;  0;  0;  0;  0;  0;  0;  0;   0;  0;  0;  0;  0;  0;  0;  0; 0;   0;  0;  0;   0;  0;  0;  0;  0;  0;  0;  0;  0;  0;  0;   0;  0;  0;  0;  0;  0;  0;  0;   0; 0
2020-02-03;   0;   0;  0;  0;  0;  0;  0;  0;  0;  0;  0;  0;  0;  0;  0;  0;  0;  0;  0;  0;  0;  0;  0;  0;  0;  1;  0;  0;  0;0;  0;  0;  0;   0;  0;  0;  0;  0;  0;  0;  0;  0;  0;  0;  0;  0;  0;  0;   0;  0; 0;  0;  0;  0;   0;  0; 0;  0;   0; 0;  0;  0;  0;  0;  0;  0;  0;   0;  0;  0;  0;  0;  0;  0;  0; 0;   0;  0;  0;   0;  0;  0;  0;  0;  0;  0;  0;  0;  0;  0;   0;  0;  0;  0;  0;  0;  0;  0;   0; 0
2020-02-05;   0;   0;  0;  0;  0;  0;  0;  0;  0;  0;  0;  0;  0;  0;  0;  0;  0;  0;  0;  0;  0;  0;  0;  0;  1;  0;  0;  0;  0;0;  0;  0;  0;   0;  0;  0;  0;  0;  0;  0;  0;  0;  0;  0;  0;  0;  0;  0;   0;  0; 0;  0;  0;  0;   0;  0; 0;  0;   0; 0;  0;  0;  0;  0;  0;  0;  0;   0;  0;  0;  0;  0;  0;  0;  0; 0;   0;  0;  0;   0;  0;  0;  0;  0;  0;  0;  0;  0;  0;  0;   0;  0;  0;  0;  0;  0;  0;  0;   0; 0
2020-02-06;   0;   0;  0;  0;  0;  0;  0;  0;  0;  0;  0;  0;  0;  0;  0;  0;  0;  0;  0;  0;  0;  0;  0;  0;  0;  0;  0;  0;  0;0;  0;  0;  0;   0;  0;  0;  0;  0;  0;  0;  0;  0;  0;  0;  0;  0;  0;  0;   0;  0; 0;  0;  0;  0;   0;  0; 0;  0;   0; 0;  0;  0;  0;  0;  0;  0;  0;   0;  0;  0;  0;  0;  0;  0;  0; 0;   1;  0;  0;   0;  0;  0;  0;  0;  0;  0;  0;  0;  0;  0;   0;  0;  0;  0;  0;  0;  0;  0;   0; 0
2020-02-07;   0;   0;  0;  0;  0;  0;  0;  0;  0;  0;  0;  0;  0;  0;  0;  0;  0;  0;  0;  0;  0;  0;  0;  0;  0;  0;  0;  0;  0;0;  0;  0;  0;   0;  0;  0;  0;  0;  0;  0;  0;  0;  0;  0;  0;  0;  0;  0;   0;  0; 0;  0;  0;  0;   0;  0; 0;  0;   0; 0;  0;  0;  0;  0;  0;  0;  0;   0;  0;  0;  0;  0;  0;  0;  0; 0;   0;  0;  0;   0;  1;  0;  0;  0;  0;  0;  0;  0;  0;  0;   0;  0;  0;  0;  0;  0;  0;  0;   0; 0
2020-02-12;   0;   0;  0;  0;  0;  0;  0;  0;  0;  0;  0;  0;  0;  0;  0;  0;  0;  0;  0;  0;  0;  0;  0;  0;  0;  0;  1;  0;  1;0;  0;  0;  0;   0;  0;  0;  0;  0;  0;  0;  0;  0;  0;  0;  0;  0;  0;  0;   0;  0; 0;  0;  0;  0;   0;  0; 0;  0;   0; 0;  0;  0;  0;  0;  0;  0;  0;   0;  0;  0;  0;  0;  0;  0;  0; 0;   0;  0;  0;   0;  0;  0;  0;  0;  0;  0;  0;  0;  0;  0;   0;  0;  0;  0;  0;  0;  0;  0;   0; 0
2020-02-13;   0;   0;  0;  0;  0;  0;  0;  0;  0;  0;  0;  0;  0;  0;  0;  0;  0;  0;  0;  0;  0;  0;  0;  0;  0;  0;  0;  0;  0;0;  0;  0;  0;   0;  0;  0;  0;  0;  0;  0;  0;  0;  0;  0;  0;  0;  0;  0;   0;  0; 0;  0;  0;  0;   0;  0; 0;  0;   0; 0;  0;  0;  0;  0;  0;  0;  0;   1;  0;  0;  0;  0;  0;  0;  0; 0;   0;  0;  0;   0;  0;  0;  0;  0;  0;  0;  0;  0;  0;  0;   0;  0;  0;  0;  0;  0;  0;  0;   0; 0
2020-02-14;   0;   0;  0;  0;  0;  0;  0;  0;  0;  0;  0;  0;  0;  0;  0;  0;  0;  0;  0;  0;  0;  0;  0;  0;  0;  0;  1;  0;  0;0;  0;  0;  0;   0;  0;  0;  0;  0;  0;  0;  0;  0;  0;  0;  0;  0;  0;  0;   0;  0; 0;  0;  0;  0;   0;  0; 0;  0;   0; 0;  0;  0;  0;  0;  0;  0;  0;   0;  0;  0;  0;  0;  0;  0;  0; 0;   0;  0;  0;   0;  0;  0;  0;  0;  0;  0;  0;  0;  0;  0;   0;  0;  0;  0;  0;  0;  0;  0;   0; 0
2020-02-17;   0;   0;  0;  0;  0;  0;  0;  0;  0;  0;  0;  0;  0;  0;  0;  0;  0;  0;  0;  0;  0;  0;  0;  0;  0;  0;  0;  0;  0;0;  0;  0;  0;   0;  0;  0;  0;  0;  0;  0;  0;  0;  0;  0;  0;  0;  0;  0;   0;  0; 0;  0;  0;  0;   0;  1; 0;  0;   0; 0;  0;  0;  0;  0;  0;  0;  0;   0;  0;  0;  0;  0;  0;  0;  0; 0;   0;  0;  0;   0;  0;  0;  0;  0;  0;  0;  0;  0;  0;  0;   0;  0;  0;  0;  0;  0;  0;  0;   0; 0
2020-02-18;   0;   0;  0;  0;  0;  0;  1;  0;  0;  0;  0;  0;  0;  0;  0;  0;  0;  0;  0;  0;  0;  0;  0;  0;  0;  0;  0;  0;  0;0;  0;  0;  0;   0;  0;  0;  0;  0;  0;  0;  0;  0;  0;  0;  0;  0;  0;  0;   0;  0; 0;  1;  0;  0;   0;  0; 0;  0;   0; 0;  0;  0;  0;  0;  0;  0;  0;   0;  0;  0;  0;  0;  0;  0;  0; 0;   0;  0;  0;   0;  0;  0;  0;  0;  0;  0;  0;  0;  0;  0;   0;  0;  0;  0;  0;  0;  0;  0;   0; 0
2020-02-19;   1;   0;  0;  0;  0;  0;  0;  0;  0;  0;  0;  0;  0;  0;  0;  0;  0;  0;  0;  0;  0;  0;  0;  1;  0;  0;  0;  0;  0;0;  0;  0;  0;   0;  0;  0;  0;  0;  0;  0;  0;  0;  0;  0;  0;  0;  0;  0;   0;  0; 0;  0;  0;  0;   0;  0; 0;  0;   0; 0;  0;  0;  0;  0;  0;  0;  0;   0;  0;  0;  0;  0;  0;  0;  0; 0;   0;  0;  0;   0;  0;  0;  0;  0;  0;  0;  0;  0;  0;  0;   0;  0;  0;  0;  0;  0;  0;  0;   0; 0
2020-02-20;   0;   0;  0;  0;  0;  0;  0;  0;  0;  0;  0;  0;  0;  0;  0;  0;  0;  0;  0;  0;  0;  0;  0;  0;  0;  0;  0;  0;  0;0;  0;  0;  0;   0;  1;  0;  0;  0;  0;  0;  0;  0;  0;  0;  0;  0;  0;  0;   0;  0; 0;  0;  0;  0;   0;  0; 0;  0;   0; 0;  0;  0;  0;  0;  0;  0;  0;   0;  0;  0;  0;  0;  0;  0;  0; 0;   0;  0;  1;   0;  0;  0;  0;  0;  0;  0;  0;  0;  0;  0;   0;  0;  0;  0;  0;  0;  0;  0;   0; 0
2020-02-22;   0;   0;  0;  0;  0;  0;  0;  0;  0;  0;  0;  0;  0;  0;  0;  0;  0;  0;  0;  0;  0;  0;  0;  0;  0;  0;  0;  0;  0;0;  0;  0;  0;   0;  0;  0;  0;  0;  0;  0;  0;  0;  0;  0;  0;  0;  0;  0;   1;  0; 0;  0;  0;  0;   0;  0; 0;  0;   0; 0;  0;  0;  0;  0;  0;  0;  0;   0;  0;  0;  0;  0;  0;  0;  0; 0;   0;  0;  0;   0;  0;  0;  0;  0;  0;  0;  0;  0;  0;  0;   0;  0;  0;  0;  0;  0;  0;  0;   0; 0
2020-02-24;   0;   0;  0;  0;  0;  0;  0;  0;  0;  0;  0;  0;  0;  0;  0;  0;  0;  0;  0;  0;  1;  0;  0;  0;  0;  0;  0;  0;  0;0;  0;  0;  0;   0;  0;  0;  0;  0;  0;  0;  0;  0;  0;  0;  0;  0;  0;  0;   0;  0; 0;  0;  0;  0;   0;  0; 0;  0;   0; 0;  0;  0;  0;  0;  0;  0;  0;   0;  0;  0;  0;  0;  0;  0;  0; 0;   0;  0;  0;   0;  0;  0;  0;  0;  0;  0;  0;  0;  0;  0;   0;  0;  0;  0;  0;  0;  0;  0;   0; 0
2020-02-25;   2;   0;  0;  0;  0;  0;  0;  0;  0;  0;  0;  0;  0;  0;  0;  0;  0;  0;  0;  0;  0;  0;  0;  0;  2;  0;  1;  0;  0;0;  0;  0;  0;   0;  0;  0;  0;  0;  0;  0;  0;  0;  0;  0;  0;  0;  0;  0;   0;  0; 0;  0;  0;  0;   0;  0; 0;  0;   0; 0;  0;  0;  0;  0;  1;  0;  0;   0;  0;  0;  0;  0;  0;  0;  1; 0;   1;  0;  0;   2;  0;  0;  0;  0;  0;  0;  0;  0;  0;  0;   0;  0;  0;  0;  0;  0;  0;  0;   0; 0
2020-02-26;   4;   1;  0;  0;  0;  0;  0;  0;  0;  0;  0;  0;  0;  0;  2;  0;  0;  0;  0;  0;  0;  0;  1;  0;  0;  0;  1;  0;  0;0;  1;  0;  0;   3;  0;  0;  0;  0;  0;  0;  0;  0;  0;  0;  0;  0;  0;  0;   3;  0; 0;  0;  0;  0;   1;  2; 0;  0;   0; 0;  0;  0;  0;  0;  0;  0;  0;   0;  0;  0;  0;  0;  0;  0;  1; 0;   0;  0;  1;   2;  2;  0;  0;  0;  0;  0;  0;  0;  0;  1;   0;  0;  0;  0;  0;  0;  0;  0;   2; 0
2020-02-27;  12;   4;  2;  0;  0;  0;  0;  5;  3;  0;  1;  0;  0;  0;  1;  0;  1;  1;  1;  0;  0;  2;  0;  1;  0;  1;  0;  1;  0;0;  4;  1;  2;   3;  4;  0;  0;  1;  1;  0;  3;  1;  0;  0;  0;  0;  0;  0;   0;  0; 0;  0;  0;  0;   1;  1; 0;  0;   0; 0;  1;  0;  0;  0;  0;  0;  0;   3;  1;  0;  0;  1;  0;  1;  0; 0;   4;  3;  0;  17;  0;  0;  0;  0;  0;  0;  0;  0;  1;  1;   0;  5;  0;  0;  0;  0;  1;  0;  12; 0
2020-02-28;   8;   1;  0;  0;  0;  0;  0;  2;  0;  0;  0;  2;  0;  0;  0;  1;  0;  0;  1;  0;  1;  2;  0;  0;  0;  0;  2;  0;  1;0;  0;  0;  0;   3;  0;  0;  0;  1;  0;  0;  0;  0;  1;  0;  1;  0;  0;  0;   0;  0; 0;  0;  0;  0;   0;  0; 0;  0;   2; 0;  0;  0;  0;  1;  0;  0;  0;   1;  0;  0;  2;  0;  0;  2;  0; 0;   2;  5;  0;  13;  0;  0;  1;  0;  0;  1;  0;  0;  0;  0;   0;  0;  0;  0;  0;  0;  0;  0;   4; 0
2020-02-29;  11;   2;  0;  1;  0;  0;  0;  2;  2;  0;  0;  1;  0;  0;  0;  0;  0;  0;  1;  1;  0;  0;  0;  0;  2;  0;  0;  0;  0;0;  1;  1;  0;   4;  0;  0;  0;  2;  0;  0;  0;  0;  0;  0;  1;  0;  0;  0;   0;  0; 0;  0;  2;  0;   5;  0; 0;  0;   0; 0;  1;  0;  2;  0;  1;  0;  1;   1;  0;  2;  0;  0;  0;  0;  0; 0;   3;  0;  0;   9;  0;  0;  0;  0;  3;  2;  0;  0;  0;  1;   0;  0;  0;  0;  0;  0;  5;  0;   3; 0
2020-03-01;   9;   2;  0;  0;  0;  0;  0;  0;  0;  1;  0;  0;  0;  0;  1;  1;  0;  0;  1;  0;  0;  0;  0;  0;  1;  0;  0;  1;  2;0;  0;  0;  0;   1;  0;  0;  0;  1;  0;  0;  0;  0;  0;  1;  1;  0;  0;  0;   0;  0; 0;  0;  0;  0;   2;  0; 0;  0;   0; 0;  0;  0;  1;  0;  0;  0;  0;   0;  0;  2;  0;  0;  0;  0;  0; 0;   2;  0;  0;  11;  1;  0;  0;  0;  0;  1;  0;  2;  1;  0;   0;  0;  0;  0;  0;  1;  0;  0;   1; 0
2020-03-02;  10;   2;  1;  0;  0;  0;  0;  5;  0;  0;  0;  0;  0;  0;  1;  0;  0;  0;  0;  1;  0;  0;  0;  0;  0;  0;  0;  6;  0;0;  2;  0;  1;   0;  1;  3;  1;  1;  1;  0;  1;  0;  0;  3;  0;  0;  0;  1;   0;  0; 0;  1;  0;  0;   1;  1; 0;  0;   1; 0;  0;  0;  0;  2;  0;  0;  0;   0;  0;  0;  1;  4;  0;  0;  0; 0;   1;  0;  0;  17;  0;  0;  0;  1;  0;  0;  0;  1;  0;  1;   1;  0;  0;  0;  0;  0;  0;  0;   4; 0
2020-03-03;  12;   2;  0;  0;  0;  2;  1;  1;  0;  0;  1;  0;  0;  0;  0;  0;  0;  1;  1;  1;  1;  0;  1;  0;  1;  1;  1;  1;  0;0;  1;  0;  0;   2;  0;  0;  2;  0;  0;  0;  1;  0;  0;  1;  0;  0;  0;  0;   0;  0; 0;  0;  0;  0;   2;  0; 0;  0;   0; 0;  0;  0;  1;  0;  0;  0;  0;   0;  0;  1;  1;  0;  0;  1;  0; 0;   2;  4;  1;   6;  0;  2;  1;  0;  0;  0;  0;  0;  0;  0;   1;  0;  0;  1;  0;  0;  0;  0;   1; 0
2020-03-04;  12;   3;  1;  0;  0;  0;  0;  2;  1;  0;  0;  1;  0;  0;  2;  1;  0;  2;  1;  1;  1;  1;  1;  0;  1;  0;  0;  1;  0;0;  1;  0;  1;   6;  2;  0;  0;  0;  0;  0;  1;  1;  0;  4;  0;  0;  0;  0;   1;  0; 0;  0;  0;  0;   5;  0; 0;  1;   7; 0;  0;  0;  1;  0;  0;  0;  0;   0;  0;  1;  0;  0;  0;  0;  1; 0;   2;  0;  0;   9;  0;  1;  0;  0;  0;  0;  0;  2;  0;  3;   1;  0;  0;  0;  0;  1;  0;  2;   1; 0
2020-03-05;   9;   5;  1;  2;  1;  0;  1;  0;  1;  0;  1;  1;  0;  0;  2;  0;  0;  2;  0;  0;  0;  0;  0;  0;  2;  1;  0;  7;  0;0;  1;  3;  1;   6;  1;  5;  0;  4;  1;  0;  0;  2;  4;  9;  0;  1;  0;  1;   0;  0; 0;  0;  0;  0;   4;  0; 0;  2;   0; 0;  1;  0;  1;  0;  0;  0;  1;   1;  0;  3;  1;  0;  0;  0;  2; 0;   0;  1;  1;   7;  0;  3;  0;  0;  0;  0;  0;  1;  0;  0;   0;  1;  0;  0;  0;  0;  0;  1;   0; 0
2020-03-06;  19;   3;  2;  1;  0;  0;  0;  6;  1;  1;  1;  0;  0;  1;  2;  1;  0;  2;  1;  1;  1;  0;  0;  0;  2;  0;  1;  3;  0;0;  1;  2;  0;   1;  0;  0;  0;  5;  0;  0;  1;  0;  1;  0;  1;  5;  0;  0;   0;  1; 0;  0;  2;  0;   2;  2; 0;  0;   0; 0;  0;  0;  1;  0;  0;  0;  0;   3;  0;  0;  1;  4;  1;  0;  1; 0;   2;  2;  1;  15;  2;  1;  1;  0;  0;  0;  0; 10;  0;  0;   0;  0;  0;  0;  0;  2;  0;  0;   3; 0
2020-03-07;  17;   5;  0;  1;  0;  0;  1;  3;  3;  0;  0;  0;  0;  0;  0;  1;  1;  0;  0;  1;  0;  0;  3;  0;  1;  7;  1;  3;  0;0;  0;  0;  0;   1;  1;  0;  0;  0;  0;  0;  2;  0;  2;  1;  1;  1;  1;  1;   0;  0; 0;  0;  0;  0;   4;  3; 0;  0;   0; 0;  0;  0;  1;  0;  0;  1;  0;   0;  0;  2;  0;  0;  2;  1;  2; 0;   3;  2;  0;  13;  2;  0;  0;  0;  0;  0;  0;  0;  0;  0;   0;  0;  0;  3;  0;  0;  0;  1;   3; 0
2020-03-08;  32;   6;  0;  0;  0;  1;  2;  3;  1;  0;  1;  3;  2;  0;  0;  3;  0;  2;  1;  2;  2;  5;  0;  0;  1;  0;  2;  7;  0;0;  3;  5;  0;   2;  1;  0;  0;  1;  0;  1;  1;  0;  0;  0;  0;  0;  1;  1;   0;  0; 0;  1;  1;  0;   6;  1; 0;  0;   2; 0;  2;  0;  6;  0;  0;  2;  0;   2;  3;  5;  1;  1;  1;  1;  4; 0;   4; 10;  0;  46;  0;  1;  0;  0;  0;  0;  0;  1;  7;  1;   1;  0;  0;  0;  0;  2;  0;  1;  20; 0
2020-03-09;  56;  15;  0;  2;  0;  2;  0; 10;  6;  0;  2;  2;  0;  0; 16;  2;  2;  2;  2;  1;  0;  4;  1;  3; 14;  6;  5;  4;  0;0; 11;  7;  2;   5; 14;  3;  6;  7;  4;  3; 13;  1;  1;  5;  2;  7;  2;  0;   3;  0; 0;  6;  3;  2;  15;  4; 0;  0;  18; 0;  2;  4; 12;  3;  1;  1;  1;   9;  3;  5;  2;  9;  1;  3; 17; 0;  15; 18;  6; 111;  7;  5;  1;  1;  0;  5;  2;  3;  1;  2;   4;  0;  0;  0;  0;  0;  0;  8;  10; 0
2020-03-10; 120;  21;  3;  2;  1;  1;  2; 24;  6;  2;  5;  3;  1;  1;  7;  6;  1;  4;  7;  2;  5;  8;  5;  7; 13;  5;  6; 11;  0;0;  9; 10;  7;  17;  6;  5;  3;  9;  1;  0;  4;  3;  3;  5;  3;  9;  4;  2;   5;  2; 0;  2;  1;  1;  18;  3; 0;  1;  20; 0;  4;  4; 13;  3;  1;  3;  4;  10;  4;  8;  1; 15;  2;  3; 12; 1;  26; 30;  3; 125; 15;  7;  2;  0;  3;  4;  0;  8;  1;  4;   3;  3;  0;  3;  3;  5;  0;  7;  23; 0
2020-03-11; 110;  15;  5;  6;  0;  3;  7; 20; 13;  2;  2;  8;  4;  1; 12;  1;  3;  4; 13;  0;  1;  6;  2;  4;  5;  5;  6; 14;  8;0; 23;  9;  5;  32; 11;  2;  4; 14;  0;  5; 19;  9;  8;  9;  6;  3;  5;  1;   7;  1; 0;  7;  1;  3;  18;  4; 0;  2;  14; 0; 12;  4; 20;  3;  7;  7;  3;  15;  7;  5;  6; 10;  0;  2;  9; 0;  19; 10;  4; 104; 11;  8;  2;  1;  1;  1;  0;  5;  2;  7;   9;  3;  0;  8;  1;  5;  5;  7;  47; 0
2020-03-12;  60;  15;  0;  2;  1;  3;  4;  8;  4;  2;  6;  5;  4;  3;  4;  1;  2;  0;  1;  1;  2;  1;  3;  3;  5;  5;  3;  5;  2;0;  7;  6;  3;   6;  5;  7;  4;  9;  8;  3; 12;  1;  4; 13;  3;  1;  1;  9;   4;  7; 0;  5;  5;  1;  21;  7; 0;  2;   7; 0;  8;  3;  4;  1;  2;  1;  0;  12;  3;  5; 10;  8;  5;  6; 15; 1;  23; 14;  8; 113; 16;  4;  7;  4;  9;  0;  5;  8;  2;  6;   5;  3;  0;  4;  1;  2;  2;  5;  14; 0
2020-03-13;  82;  17;  1;  6;  4; 10;  1; 12;  6;  2;  2;  3;  5;  4;  9;  3;  2;  3;  7;  8; 10;  5;  6;  2;  8; 10;  4;  9;  2;0; 11;  4;  3;   5;  0;  2; 10;  3;  2; 11; 18;  2;  3;  4;  2;  2;  5;  6;   9;  4; 1;  4;  5;  5;  31; 11; 1;  3;   5; 0;  4;  6;  3;  6;  2;  5;  3;   9;  5;  9;  2; 15;  4;  4; 10; 2;  11;  9;  7;  69; 13;  6;  1;  4;  3;  1;  3; 12;  1;  5;   3;  2;  0;  6;  2;  7;  5;  1;  23; 0
2020-03-14;  66;  17;  0;  8;  3;  5;  5;  6;  8;  3;  2;  6;  4;  4; 12;  6;  5;  3;  3;  4;  7;  6;  2;  1;  6; 10;  7;  7;  1;0;  4;  9;  3;   3;  0;  3;  4;  2;  4;  6;  6;  1;  4;  9;  5;  0;  1;  4;   3;  4; 2;  5;  7;  4;  16;  6; 1;  1;  11; 0;  2;  2; 15;  1;  1;  4;  0;  10;  2;  9;  3;  9;  5;  1;  8; 0;   9;  6;  4;  58; 13;  4;  2;  1;  5;  5;  0;  7;  0;  4;   5;  3;  0;  4;  1;  2;  7;  6;  14; 0
2020-03-15;  80;  14;  1;  7;  2;  4;  6; 14; 10;  6;  6;  8;  4;  3;  7; 11;  4;  7;  5;  8;  5;  8;  4; 11;  9; 10;  2; 11;  6;0;  4;  8;  3;  16;  2;  3;  9;  8;  5;  2; 13;  1;  9; 15;  5;  2;  2;  4;   2;  1; 1;  2;  3;  5;  19; 11; 0;  1;  14; 0;  5;  9;  9;  4;  3;  8;  3;   9; 10;  4;  5; 15;  4;  5; 14; 0;   8; 13;  3;  53;  7;  5;  2;  0;  3;  0;  3; 15;  3;  4;   5;  3;  0;  3;  2;  3;  5;  5;  17; 0
2020-03-16; 125;  24;  1; 13;  5; 13;  8; 20; 16;  4;  8;  9;  5;  1; 21;  8;  1;  1;  8;  8; 11; 11; 10;  9; 11; 13;  8; 10;  3;0;  3;  5;  3;  12;  4;  5;  8;  8;  7;  6; 13;  2;  4; 21;  7;  3;  8;  3;  10;  5; 0;  4;  6;  7;  28; 13; 1;  3;  21; 1;  9;  6; 10;  3;  4;  5;  6;  12;  6; 11;  5; 19;  6;  5; 20; 0;  16; 14;  4; 109; 17; 12;  6;  4;  7;  4;  5; 16;  3;  3;  10;  8;  0;  4;  1;  0;  5;  7;  20; 0
2020-03-17; 122;  19;  2;  8;  4;  8; 11; 21; 19;  4;  9;  5;  7;  5; 18;  9;  3;  6;  9;  9;  9; 16;  3;  6;  6;  6;  5; 17; 10;2; 10;  9;  2;  13;  0;  7; 11;  8;  8;  6; 15;  1;  3; 18;  4;  1;  4;  5;  11;  5; 3;  7;  5;  3;  28;  6; 0;  6;   7; 0;  8;  1; 18;  6;  4;  2;  7;  13;  4;  7;  4; 10;  5;  7; 17; 0;  23; 13;  9;  66; 12; 11;  4;  4;  4;  5;  2; 18;  3;  9;   4;  2;  0;  6;  1;  6;  7; 10;  16; 0
2020-03-18; 145;  34;  3; 10;  4; 16;  9; 23; 28;  2;  7; 10;  7;  4; 13; 14;  0;  8;  7;  9; 12; 12; 10;  4; 20; 24;  6; 19;  9;0; 10; 13;  4;  10;  4;  7;  8;  7;  7;  7; 21;  6;  6; 24;  8;  0;  8;  5;   7;  5; 2;  8;  6;  5;  23;  9; 0;  5;  25; 0;  7;  6; 20; 16; 10;  7; 12;  18;  9; 11;  6; 14;  6;  2; 12; 1;  26; 15; 15;  97; 27; 17;  9;  5; 11;  7;  4; 22;  3;  7;   5;  5;  0; 11;  3;  6;  5;  5;  29; 0
2020-03-19; 188;  42;  6; 10;  4;  9; 11; 35; 18;  2; 10;  9; 13;  2; 14; 10;  6; 11;  4; 15; 15; 15; 21;  6; 17; 10;  8; 20; 14;0; 17; 31;  8;  29;  9; 14; 11; 15; 10;  9; 17;  6;  4; 15;  8;  9; 12;  9;  14;  4; 1; 15;  7;  3;  26;  9; 1;  6;  47; 1; 15; 22; 42; 26;  6; 14; 16;  36; 18; 26; 16; 37; 16; 10; 36; 0;  48; 30; 22; 178; 87; 40; 15;  5; 24; 14;  4; 30;  5;  7;   7;  4;  0;  5;  2;  5;  8; 10;  31; 0
2020-03-20; 164;  26;  2; 10;  4;  9;  4; 16; 17;  3;  8;  8;  5;  6; 13;  8;  3;  3;  4;  4;  9; 17; 10;  7; 12;  7;  5; 16;  5;0; 11; 14;  7;  15;  8;  9; 23; 12;  6; 10; 12;  6;  5; 24;  5;  9;  4;  5;   5;  2; 0; 19;  6;  4;  33; 11; 1;  8;  27; 0; 16; 11; 55; 19;  2;  3; 13;  50; 11;  3;  5; 17;  6;  1; 17; 1;  26;  7;  8;  47;  7;  9;  5;  2;  8;  8;  2; 15;  7;  4;   9;  3;  0;  7;  4;  5;  5;  3;  34; 0
2020-03-21;  50;   7;  1;  3;  3;  5;  3;  8;  9;  5;  7;  8;  4;  2; 10;  5;  4;  3;  3;  4;  9;  6; 17;  3; 13; 12;  6;  9;  4;0;  3;  6;  3;   7;  1;  3;  4;  6;  3;  2;  5;  4;  3; 17;  3;  2;  2;  7;   8;  7; 1;  8;  1;  2;  24;  8; 2;  1;   7; 0; 12;  3; 22;  4;  1;  3;  7;  36;  1;  3;  6;  5;  3;  2;  5; 0;   6;  2;  0;  26;  5;  4;  3;  0;  3;  4;  0;  5;  4;  4;   3;  2;  0;  4;  0;  0;  2;  6;  23; 0
2020-03-22;  73;  13;  1;  1;  1;  5;  5; 10; 14;  2;  3;  6;  4;  2;  3;  5;  1;  1;  3;  3;  5;  2;  8;  4;  8;  9;  4;  5;  1;0;  5;  4;  1;   7;  2;  6; 11;  8;  7;  3; 13;  3;  7;  7;  1;  0;  6;  6;   4;  1; 3;  1;  1;  3;  10;  4; 1;  5;   9; 0;  7;  1; 13;  4;  3;  6;  0;  15;  4;  4;  2;  7;  3;  1; 10; 0;  11;  2;  0;  15; 11;  6;  2;  1;  5;  0;  3; 10;  2;  4;   1;  0;  0;  2;  2;  2;  7;  3;  13; 0
2020-03-23; 123;  23;  3;  8;  2;  8; 11; 28; 13;  3;  4; 13; 10;  2; 18; 10;  8;  6;  6;  6; 17;  7; 16;  5; 16;  8;  6; 15;  8;0;  7; 19;  3;  32;  3; 10; 10; 17;  9; 17; 31;  9;  7; 43;  4;  8; 11;  4;  11;  0; 3; 12;  5;  6;  27;  8; 2;  3;  25; 0;  7;  1; 20; 11;  3; 10;  5;  18;  3;  7; 11; 24;  4;  5;  7; 0;  18; 10;  3;  49; 14;  6;  5;  2; 11;  8;  3; 13;  1;  2;   4;  7;  1; 11;  2;  5; 11;  5;  37; 0
2020-03-24; 149;  27;  1;  6;  5;  8; 12; 21; 19;  5;  4; 14;  8;  0;  7;  7;  2;  3;  5;  7;  8;  3; 10;  8; 18;  9;  3; 10;  7;0;  8; 22; 10;  24;  6; 10; 12; 16;  2;  8; 22;  5; 11; 26;  7;  7;  7; 11;  11;  5; 4; 10;  5;  8;  43; 19; 0;  2;  19; 0; 17;  7; 10; 10;  1;  7; 14;  23;  9;  6; 13; 17;  2;  4;  7; 1;  10; 13;  5;  56; 21;  8;  8;  3;  7;  4;  4; 11;  3;  6;   3;  4;  0;  6;  3;  8;  7; 12;  38; 0
2020-03-25; 177;  35;  4; 13;  8; 11;  9; 18; 17;  6;  4; 12; 13;  6; 13; 14;  5;  5;  7; 10; 15; 13; 11;  3; 15; 17;  5; 13;  3;0; 15; 18;  4;  20;  6;  5; 23; 25; 13; 16; 26; 12; 13; 29;  5;  9;  7;  9;   9;  7; 1; 13;  8;  5;  39; 22; 1;  8;  25; 0; 18; 15; 35; 13;  3; 15;  8;  32; 10;  5;  6; 12; 12;  2; 20; 0;  21; 12;  2;  55; 19;  9;  5;  1; 11;  6;  4; 24;  3;  4;  11;  7;  0;  9;  2;  8;  9; 10;  44; 0
2020-03-26; 183;  37;  1; 16;  7; 12; 12; 28; 29; 15;  9;  8;  8; 10; 11;  4;  6;  7; 18; 16; 11; 13;  9; 12; 19; 22;  6; 15;  7;0; 13; 19;  5;  14;  4; 12; 29; 37; 19;  7; 27;  9; 13; 32; 14; 12; 11; 14;   8;  9; 3; 13;  6;  7;  64; 22; 0;  2;  33; 0; 24; 14; 45; 14;  4;  8; 13;  37;  8;  9; 11; 16;  7;  4; 21; 0;  19; 18;  5;  69; 29; 13;  5;  2; 14;  8;  7; 14;  8; 10;  17;  4;  0;  8;  4;  7; 12; 10;  62; 0
2020-03-27; 380;  76;  6; 22; 13; 21; 16; 52; 29;  8; 10; 29; 22;  9; 26; 25;  7; 16; 18; 17; 26; 19; 23; 11; 28; 32; 23; 25; 21;0; 28; 22;  9;  29;  7; 10; 19; 28; 22; 14; 16;  8;  8; 25;  9; 10;  8; 11;  10; 11; 7; 12; 10;  9;  74; 21; 0;  5;  33; 0; 23; 13; 37; 11;  6; 21;  5;  38;  9;  9;  5; 19;  8;  8; 18; 2;  16; 12;  2;  74; 32; 26;  5;  2; 16;  3;  8; 14;  6;  9;  29;  9;  0;  8;  3;  8; 17;  9;  57; 0
2020-03-28; 241;  39;  7; 12;  5; 11;  9; 19; 24; 12; 14; 11; 29;  6; 19; 14; 10; 11; 11; 17; 18; 12; 37; 11; 22; 29; 12; 19; 30;0;  8; 12;  2;  11;  4; 16;  9; 10;  7; 10; 16;  6;  9; 28;  8;  4; 10;  7;   5;  5; 5;  6;  5;  8;  40;  9; 1;  6;  28; 1;  8;  9; 24;  4;  3; 11; 10;  20;  2;  6;  5; 10;  1;  2; 15; 1;  12;  4;  5;  34; 13; 15; 11;  0; 12;  8;  3; 14;  8;  7;  17;  7;  2;  5;  4;  5;  7;  7;  26; 0
2020-03-29; 233;  45;  4; 13; 11; 13; 20; 31; 23; 11; 32; 24; 18; 11; 18; 14;  6;  5; 17; 12; 17; 11; 14; 12; 24; 24; 11; 33;  9;0; 10; 14;  6;  10;  2;  5; 14;  7;  8;  8;  9;  4;  4; 22;  5;  1;  9;  8;   9;  4; 0; 10;  4;  6;  39; 17; 1;  3;  20; 1;  8;  9; 27;  5;  4;  7;  3;  21;  4;  7;  4; 11;  7;  4;  9; 0;  12;  8;  5;  23; 12;  6;  3;  2;  4;  3;  0; 10;  7;  5;   6;  7;  0;  7;  3;  1;  6;  2;  33; 0
2020-03-30; 468;  91; 10; 27; 28; 34; 24; 73; 54; 25; 22; 51; 32; 18; 51; 30; 17; 21; 41; 20; 29; 24; 36; 16; 41; 35; 17; 36; 30;0; 25; 38; 21; 130; 11; 20; 40; 51; 29; 27; 43; 13; 19; 65; 24; 12; 22; 13;  15;  9; 1; 23;  4; 12;  91; 30; 1;  6;  39; 1; 22; 19; 37; 22;  6; 24; 14;  61; 14; 13; 12; 29; 12;  3; 19; 0;  38; 17; 14; 116; 42; 32;  7;  6; 28;  4;  4; 37; 15; 14;  21; 11;  2; 20;  9; 17; 19; 22; 107; 0
2020-03-31; 394;  72; 10; 30; 20; 38; 24; 52; 48; 23; 25; 32; 41;  6; 48; 27; 13; 18; 28; 19; 37; 27; 26; 17; 26; 37;  9; 49; 32;0; 30; 46; 18;  58; 14; 20; 33; 41; 27; 34; 53; 15; 17; 61; 14; 12; 28;  9;  15;  4; 4; 18; 10; 13; 102; 31; 5; 11;  46; 1; 20; 17; 41; 33;  8; 17; 11;  54; 23; 17; 17; 37; 23;  4; 30; 0;  37; 24; 28; 191; 57; 48; 17; 11; 29; 19;  9; 37; 63; 22;  37; 19;  0; 17;  7; 17; 17; 15;  89; 0
2020-04-01; 414;  85;  6; 25; 22; 37; 30; 60; 80; 18; 28; 58; 42; 16; 50; 25; 15; 17; 77; 22; 31; 35; 29; 25; 36; 26; 20; 52; 32;0; 18; 45; 11;  61; 10; 16; 27; 50; 27; 40; 50; 19; 18; 62; 15; 10; 27; 15;  20;  8;11; 31; 16; 16;  92; 39; 2; 13;  68; 2; 25; 14; 64; 31; 10; 18; 10;  82; 26; 20; 21; 49; 20; 13; 31; 3;  46; 42; 21; 163; 68; 51; 15;  7; 17; 21; 14; 44; 25; 14;  43; 16;  0; 22;  4; 18; 12; 30; 112; 0
2020-04-02; 653; 152; 13; 53; 33; 73; 25;105; 80; 35; 41; 76; 49; 18; 52; 44; 13; 29; 46; 55; 39; 45; 46; 39; 73; 52; 23; 82; 47;0; 34; 63; 26;  74; 25; 43; 43; 66; 33; 58; 74; 19; 29; 92; 28; 17; 26; 30;  35; 23;14; 62; 27; 15; 192; 68; 5; 14; 134; 3; 67; 35; 83; 49; 27; 33; 26; 113; 38; 34; 27; 67; 26; 11; 81; 5;  89; 61; 42; 408; 79; 53; 20;  9; 33; 40; 11; 74; 73; 53;  79; 33;  1; 36; 18; 32; 18; 42; 211; 0
2020-04-03; 996; 172; 17; 69; 50; 77; 66; 86;108; 55; 47;105; 64; 28; 81; 53; 20; 27; 60; 45; 70; 58; 63; 27;102; 83; 38; 69;106;0; 36; 38; 33;  75; 20; 19; 41; 56; 45; 64; 61; 23; 24; 97; 25; 23; 26; 44;  48; 25;18; 58; 43; 37; 281; 78; 1; 18; 104; 1; 73; 35;108; 55; 21; 43; 33; 163; 68; 28; 34; 83; 34; 15; 66; 3;  65; 45; 22; 345; 85; 60; 19; 12; 22; 16; 14; 54; 49; 55;  76; 50;  0; 34; 14; 27; 39; 51; 218; 0
2020-04-04; 750; 124; 22; 48; 36; 54; 51; 67; 70; 34; 31; 81; 67; 28; 61; 36; 26; 24; 41; 40; 49; 35; 89; 37; 56; 57; 23; 55;108;1; 29; 22; 14;  26;  9; 10; 12; 21; 13;  9; 29;  4;  5; 41; 12;  7;  3; 10;  19;  6; 1;  6;  7;  9;  82; 38; 4; 14;  79; 1; 17; 17; 29; 17; 11; 33; 17;  44; 12;  8; 20; 46;  8; 18; 17; 0;  15; 33;  6;  76; 51; 76; 10;  9; 20; 18;  7; 25; 12; 16;  23; 12;  0; 10; 13;  6; 35; 11;  66; 0
2020-04-05; 381;  52;  8; 22; 18; 32; 20; 42; 54; 23; 26; 29; 35;  9; 46; 27;  6; 13; 35; 21; 30; 21;  8; 23; 43; 20; 19; 40; 26;0; 14; 16;  7;  17;  8;  7; 11; 27; 17; 21; 16;  6;  7; 25;  8;  8;  5;  9;   9;  8; 2; 11;  7; 11;  57; 15; 4;  3;  24; 0; 14; 11; 29; 16; 10; 16;  8;  44; 14;  6;  6; 15;  3;  2; 17; 0;  18; 10;  7; 103; 19; 43;  9;  6; 21;  6;  8; 26; 10; 16;  16;  8;  0;  7; 11; 12; 38;  9;  49; 0
2020-04-06; 931; 171; 18; 59; 45; 66; 45;109;111; 42; 36; 91; 68; 41; 82; 66; 28; 31; 61; 60; 66; 57; 49; 42; 95; 71; 25; 75; 62;0; 40; 62; 23;  68; 20; 26; 50; 56; 26; 29; 57; 31; 23; 94; 21; 16; 26; 47;  51; 27; 5; 43; 30; 39; 207; 76; 6; 14; 135; 1; 68; 43;101; 43; 24; 47; 43; 122; 55; 51; 47; 81; 32; 17; 67; 6;  82; 40; 40; 378; 92;101; 32;  8; 47; 31; 20; 72; 63; 50;  68; 48;  0; 46; 15; 25; 48; 41; 243; 0
2020-04-07; 861; 126; 21; 58; 59; 58; 44; 86;108; 44; 49; 90; 65; 41; 96; 64; 30; 35; 69; 59; 49; 56; 78; 39; 91; 69; 28; 63; 56;0; 46; 55; 32;  82; 28; 35; 53; 97; 36; 46; 64; 32; 23;113; 36; 21; 39; 40;  39; 22;10; 54; 32; 44; 222; 54; 4; 22; 113; 1; 45; 34; 81; 64; 23; 42; 26; 110; 59; 34; 31; 64; 21; 19; 90; 0;  86; 58; 23; 270; 83; 98; 48;  7; 57; 30; 22; 65; 35; 34;  53; 41;  3; 31; 20; 21; 58; 18; 292; 0
2020-04-08; 819; 132; 19; 42; 53;120; 47; 72; 94; 40; 32; 87; 61; 32; 60; 57; 33; 26; 79; 48; 44; 44; 72; 37; 78; 60; 31; 48; 46;0; 35; 49; 28;  63; 10; 33; 53; 65; 31; 33; 73; 20; 23; 83; 29; 19; 36; 32;  42; 16;13; 26; 22; 22; 153; 66; 5; 14;  88; 6; 32; 31; 82; 48; 24; 28; 26;  84; 60; 28; 27; 75; 29; 34; 49; 3;  61; 45; 27; 292; 84; 88; 33; 15; 24; 26; 14; 66; 38; 49;  51; 42;  1; 35; 15; 25; 32; 46; 167; 0
2020-04-09; 462;  53; 10; 27; 20; 73; 26; 37; 48; 16; 19; 54; 21; 19; 42; 32; 17;  7; 28; 29; 29; 31; 17; 23; 39; 33; 18; 32; 18;0; 12; 10;  8;  30;  5; 12; 10; 19; 12;  9; 20;  9;  9; 25;  7;  5;  7; 10;  19; 10; 3;  8;  9;  9;  63; 34; 1;  5;  29; 0; 11; 14; 28; 19;  6;  5;  8;  38; 31; 20; 11; 17; 13;  3; 26; 0;  37; 10; 18; 110; 52; 52; 13;  7; 12; 12;  5; 23; 18; 28;  20; 17;  1; 12;  6;  8;  9; 16;  69; 0
2020-04-10; 338;  66; 12; 26; 15; 43; 27; 42; 51; 17; 21; 46; 36; 14; 34; 34; 12; 15; 16; 16; 26; 18; 16; 14; 34; 32; 12; 20; 23;0;  8;  8;  4;  29;  7; 10; 17; 25; 13;  9; 26;  9;  8; 25;  7;  5; 15; 11;  15;  8; 5;  6; 11;  8;  76; 29; 0;  4;  40; 0; 14; 10; 23; 14; 12; 12; 10;  37; 15;  6; 14; 32;  7; 11; 18; 2;  23; 22;  9; 109; 30; 38; 17;  7; 16;  9;  4; 30;  9; 22;  18; 20;  0; 11;  6; 16; 18; 22;  70; 0
2020-04-11; 340;  45;  3; 23; 15; 26; 25; 45; 44; 11; 22; 33; 27; 15; 29; 17;  6; 13; 26; 15; 20; 13; 24; 11; 31; 23; 14; 20; 20;0; 13; 17;  5;  18;  6; 15; 11; 25; 20; 12; 21;  9;  7; 25;  8;  6; 10; 21;   8;  9; 0;  5; 12; 10;  77; 25; 1;  5;  37; 2; 16; 12; 34; 13; 13; 13;  9;  25; 19; 11; 15; 41; 14;  3; 30; 1;  22; 20; 10;  97; 36; 46; 15;  2; 16; 10; 13; 19; 12; 20;  25; 12;  0; 15;  3; 15; 19; 14;  62; 0
2020-04-12; 332;  38;  9; 22; 15; 45; 23; 39; 45; 12; 28; 45; 29; 16; 40; 23;  9;  8; 21; 13; 20; 32; 25; 15; 30; 33; 15; 26; 11;0;  8; 19;  8;  18;  1; 12; 21; 28; 10;  9; 18; 10; 10; 28;  5;  6;  9;  7;  13;  7; 3; 17;  5; 12;  67; 26; 4;  9;  24; 0;  9; 12; 28; 25; 14; 18; 17;  27; 18;  9;  6; 13;  6;  6; 13; 0;  17; 14;  5;  85; 30; 34;  8;  9; 12;  6;  5; 18;  5; 23;  24; 14;  0; 20;  6;  9; 15;  6;  71; 0
2020-04-13; 315;  46;  9; 25; 23; 35; 15; 42; 37; 14; 21; 46; 33; 16; 23; 33;  7;  6; 20; 20; 22; 22; 18;  8; 20; 23; 15; 23; 11;0;  8; 12;  7;  25;  5;  8; 13; 29; 11; 13; 19; 14;  3; 35;  7;  3;  7; 13;  17;  9; 8;  5;  6; 12;  63; 19; 1;  7;  29; 1; 15;  9; 19; 17; 11; 11; 12;  31; 27; 10;  8; 25;  3;  3; 16; 0;  22; 18; 11;  89; 37; 43; 14;  5; 13; 13; 14; 28; 11; 15;  17; 11;  0; 20;  8;  6; 17; 26;  65; 0
2020-04-14; 926; 176; 12; 64; 66;141; 51;112; 97; 36; 39;105; 64; 27; 69; 74; 28; 27; 61; 52; 59; 57; 41; 32; 89; 52; 27; 75; 53;0; 50; 44; 29;  60; 27; 36; 34; 72; 44; 32; 58; 32; 25; 76; 30;  8; 33; 35;  39; 21;15; 42; 31; 47; 252; 79; 3; 22;  84; 3; 64; 48; 95; 49; 27; 29; 54; 101; 53; 33; 28; 65; 24; 11; 80; 2;  64; 41; 59; 193; 99; 73; 28;  9; 50; 40; 23; 62; 21; 23;  45; 39;  0; 40; 24; 37; 36; 47; 199; 0
2020-04-15; 790; 150; 16; 59; 49; 83; 49;111;103; 40; 32; 93; 56; 33; 63; 45; 20; 24; 41; 59; 59; 52; 48; 36; 68; 55; 24; 59; 55;0; 31; 40; 24;  48; 11; 39; 45; 57; 40; 24; 65; 30; 25; 76; 22; 15; 34; 30;  44; 18; 8; 31; 31; 24; 185; 69; 1; 15;  94; 2; 60; 27;102; 58; 14; 39; 31;  96; 59; 34; 28; 67; 22; 10; 59; 7;  61; 48; 47; 219; 76;108; 29; 11; 40; 28; 17; 91; 38; 29;  76; 34;  1; 30; 28; 16; 39; 36; 150; 0
2020-04-16; 714; 121; 10; 47; 25; 71; 43; 81; 79; 30; 29; 59; 67; 26; 51; 51; 13; 22; 49; 44; 53; 50; 38; 38; 79; 53; 29; 45; 36;0; 28; 37; 23;  49;  7; 20; 43; 45; 28; 29; 63; 19; 16; 69; 19;  9; 36; 40;  40; 17; 9; 34; 20; 20; 206; 56; 5; 12; 104; 3; 50; 33; 88; 48; 18; 33; 20;  92; 52; 31; 29; 59; 32; 11; 61; 4;  74; 46; 40; 417; 64; 75; 25; 14; 42; 43; 17; 78; 37; 40;  51; 41;  0; 31; 34; 22; 22; 27; 165; 0
2020-04-17; 665; 131; 13; 54; 34; 67; 37; 62; 78; 34; 35; 76; 45; 29; 58; 47; 19; 28; 55; 35; 38; 43; 23; 26; 60; 42; 30; 46; 26;0; 29; 32; 22;  46; 10; 18; 56; 49; 32; 43; 55; 28; 29; 67; 14;  6; 53; 37;  34; 14; 4; 32; 17; 23; 168; 56; 2; 19;  78; 0; 28; 28; 66; 31; 29; 29; 23;  84; 43; 23; 18; 59; 23; 13; 59; 1;  77; 40; 29; 243; 67; 56; 18; 15; 30; 31; 14; 83; 45; 30;  55; 20;  2; 31; 21; 11; 30; 28; 158; 0
2020-04-18; 436;  55;  7; 12; 30; 23; 16; 33; 41; 11; 18; 29; 23; 16; 25; 15; 13;  9; 31; 19; 18; 20; 14; 14; 39; 25; 11; 27;  8;0; 17; 13;  7;  33;  6;  9; 20; 23; 14; 15; 21;  9; 16; 27; 14;  3; 11; 10;   8;  4; 6;  7;  4;  6;  69; 30; 2;  7;  28; 0; 14; 13; 31; 14; 18;  8;  8;  31; 20; 13; 11; 30;  8;  6; 29; 0;  33; 20; 16; 128; 33; 31;  9;  4; 12; 12; 10; 26;  8; 13;  10; 16;  0;  8; 18;  6; 10; 12;  55; 0
2020-04-19; 262;  64;  3;  9; 17; 28; 25; 33; 36; 23; 22; 22; 16; 16; 25; 16; 11; 10; 18; 10; 19; 20; 15;  6; 37; 24;  9; 30;  7;0; 13; 18;  2;  23;  6; 10; 55; 19; 11; 25; 44; 10;  5; 22;  5;  4; 37;  8;  12; 10; 4;  8;  5;  8;  54; 17; 5;  8;  26; 0; 17; 11; 33; 19;  5;  9;  4;  30; 15;  3;  7; 16; 22;  4; 14; 0;  14; 12; 10;  70; 25; 32; 10;  5;  3;  5;  2; 13;  7; 10;  10;  6;  0; 10;  9;  3; 11; 11;  19; 0
2020-04-20; 995; 169; 16; 71; 60; 58; 65; 83; 78; 54; 59; 87; 59; 37; 76; 67; 33; 30; 57; 43; 64; 49; 47; 35; 77; 55; 30; 67; 44;0; 38; 43; 22;  72; 24; 27;109; 60; 34; 37; 99; 35; 24;109; 41; 13; 62; 43;  39; 22;17; 41; 29; 35; 207; 82; 5; 23; 100; 2; 52; 38;114; 68; 27; 39; 41; 109; 72; 34; 35; 78; 15; 19; 59; 3;  83; 62; 26; 352; 90; 57; 37; 17; 51; 40; 28; 92; 43; 46;  62; 47;  1; 47; 31; 31; 47; 35; 234; 0
2020-04-21;1618; 200; 35; 82; 58; 92; 71;120;162; 66; 42;131;105; 46; 91; 70; 47; 42; 93; 56; 77; 65; 74; 43;126;107; 40; 84; 90;0; 47; 54; 35;  88; 22; 41;105;180; 73; 76;161; 84; 41;120; 37; 28; 80; 42;  75; 32;25;108; 44; 47; 324; 98; 7; 26; 162; 3;105; 67;182;106; 37; 54; 45; 218;105; 55; 62;100; 34; 30; 80; 1; 141; 88; 36; 401;113;106; 61; 32; 80; 49; 41;134; 56; 68;  87; 47;  7; 87; 36; 57; 37; 51; 346; 0
2020-04-22;1355; 201; 27; 84; 72;104; 69;151;179; 71; 60;221;104; 37;110; 98; 44; 52;100; 74;108; 96; 85; 46;159;127; 47;128; 79;0; 58; 65; 37;  86; 21; 48;139;159; 79;105;198; 62; 57;187; 70; 19;121; 72; 104; 39;34; 68; 67; 49; 464;146; 9; 38; 211; 4;110; 81;222;124; 41; 54; 58; 211;112; 63; 75;127; 27; 37;113; 1; 230; 97; 53; 540;113;118; 56; 16; 67; 73; 29;202;100;122; 147;100;  3;108; 83; 60;105; 95; 548; 0
2020-04-23;1419; 216; 28;116; 82;109; 70;181;151; 90; 82;178; 89; 50;110;112; 44; 41;154; 88;101;174; 84; 72;151;100; 44;125; 63;0; 44; 74; 39; 104; 20; 78;159;153; 96; 74;620; 75; 69;207; 88; 30;135; 66;  96; 41;24; 69; 62; 57; 402;117; 2; 36; 197; 8; 87; 85;187;104; 47; 79; 75; 188; 96; 73; 68;137; 44; 42;173; 3; 179;108; 68; 683;138;112; 58; 15; 89; 81; 43;180; 91;118; 162;101;  6; 91; 67;100; 81; 81; 580; 0
2020-04-24;1541; 220; 35;123; 73; 94; 86;150;166; 72; 88;163;117; 52;146; 98; 39; 47; 96; 88; 90; 98; 73; 58;125;131; 50;126; 71;0;149;276; 80; 325; 67;112;302;230;106; 99;733; 81; 90;283; 88; 70;175; 78; 100; 44;28; 84; 50; 75; 524;215;23; 38; 234; 6; 74; 59;149; 95; 34; 91; 52; 172; 98; 96; 74;144; 68; 34;220; 2; 171; 90; 86; 649;161;152;110; 36; 72; 97; 49;264;131;188; 230;119; 10;131; 73;102;203;116; 860; 0
2020-04-25;1528; 250; 23; 99; 68;104; 66;171;135; 52; 89;116; 81; 39;107; 80; 39; 56; 75; 91; 93; 85; 87; 67;183;168; 50;104; 66;0;101;174; 75; 304; 54; 62;219;253; 80; 82;376;103; 66;191; 66; 46;140; 84; 116; 46;17; 62; 64; 86; 621;107; 8; 33; 282; 8; 48; 78;143; 82; 55; 87; 84; 119;113; 52; 67;144; 27; 33;145; 2; 134; 84; 36; 578;228;139; 93; 33; 62; 62; 22;221; 80; 70; 147; 80;  3; 64; 33; 50; 47; 43; 610; 0
2020-04-26;1230; 208; 22; 55; 45; 87; 65;111;102; 44; 49;118; 94; 37; 98; 75; 20; 21; 68; 80; 65; 63; 64; 41;220;105; 39; 84; 57;0; 55;122; 51; 170; 34; 56;118;226; 71; 62;351; 70; 51;193; 59; 32;123; 58;  74; 39;20; 42; 48; 48; 440; 95;11; 40; 222; 4; 61; 62;118; 66; 49; 73; 60; 120;118; 52; 40; 84; 23; 19; 93; 0; 100; 63; 42; 514;122;107; 39; 19; 55; 53; 12;200;256; 78; 178; 63;  0; 60; 24; 68; 47; 35; 662; 0
2020-04-27;1888; 278; 43;111;102;161;109;165;229; 77; 95;299;123; 79;152;103; 52; 77;134;131;186;105;104; 92;283;205; 70;172;136;0;108;113; 63; 313; 39;103;268;238;156;132;647;158; 61;317; 74; 51;135;112; 132; 74;34;108; 69; 82; 596;145;19; 72; 290; 8;146;120;264;187; 55;109;102; 273;122;118;100;189; 60; 41;220; 9; 250;140; 80; 753;306;226;121; 48;102;117; 60;334;162;133; 249;148;  0;106; 73; 71;153;102; 803; 0
2020-04-28;1960; 245; 28;120; 76;201; 88;185;239; 92; 91;166;125; 66;149;105; 46; 49;167;118;135;107;110; 93;197;215; 70;151; 98;0;125;134; 65; 309; 50;103;202;217;141;128;363; 82; 69;333; 68; 38;120; 85; 134; 58;31; 89; 78; 63; 585;178;14; 50; 256; 4;130;110;217;188; 56; 80; 82; 276;141;103; 80;166; 60; 40;216; 5; 226;138; 80; 737;386;197;117; 29;171;115; 66;381;111; 91; 206; 97;  1;160; 51; 75;149;121; 756; 0
2020-04-29;1774; 336; 46;128; 79;172; 86;162;170; 89; 98;191;110; 46;132;117; 47; 52;153;113;117;116; 87; 91;170;199; 44;120;102;0;112;117; 78; 250; 63; 89;167;195;110;114;355; 88; 87;420; 97; 43;116;119; 154; 70;29; 81; 63; 94; 706;152; 9; 64; 450; 6;113; 84;234;191; 57;148;108; 221;132; 98; 98;174; 85; 49;165; 4; 263;135; 83; 747;331;189;101; 34;128;130; 54;390;113;113; 207; 82;  5;169; 41; 80;147;118; 605; 0
2020-04-30;1812; 284; 41;142; 78;183;106;196;229; 80; 96;205;106; 70;145;112; 45; 54;117;108;103;104;109; 67;176;148; 67;113;181;0;122;123; 61; 223; 49; 91;163;165;133;145;411; 82; 95;386; 91; 34;129;102; 128; 57;23; 85; 60; 77; 603;162;13; 52; 372; 2;110; 99;185;152; 82; 98; 73; 238;120; 93; 81;182; 51; 51;194;10; 247;142; 82; 766;331;184;152; 43;144;132; 56;387;130;134; 231;102;  4; 89; 69; 62;178; 76; 657; 0
2020-05-01;1965; 287; 48;150;111;202;110;163;190; 90;119;230;147; 73;119;112; 61; 73;129;117;132;105; 98; 82;186;207; 64;136;109;0;130;115; 58; 256; 46; 51; 55; 82; 75; 37;216; 29; 96;331; 60; 35; 53; 62;  90; 37;25; 68; 46; 75; 369;201;22; 45; 193; 6;114; 90;230;112; 57; 61; 61; 204;129; 93; 69;184; 52; 33;144; 6; 222;106; 56; 709;318;160;106; 30;137;100; 73;270;103;109; 194;119;  5; 87;112; 66;140; 73; 628; 0
2020-05-02;1288; 237; 22; 83; 60;134; 71;210;139; 53; 80;156;111; 38;125; 85; 35; 46; 73; 86; 91; 93; 76; 70;174;141; 44;101; 82;0; 72; 80; 35; 176; 34; 59; 48; 68; 57; 35;140; 32; 65;180; 53; 38; 41; 72;  87; 34;14; 71; 55; 63; 500; 80;12; 51; 285; 7; 98; 78;273;105; 47; 95; 72; 183; 81; 59; 60; 98; 45; 29;100; 2; 208;105; 50; 597;237; 76; 90; 27;111; 78; 41;348; 91; 77; 194; 50;  0; 44; 16; 40; 36; 47; 497; 0
2020-05-03;1185; 189; 19; 72; 45;104; 70;136;141; 47; 81;107; 80; 27;106; 73; 39; 40; 80;131; 87; 63; 72; 72;152;123; 45; 87;133;0; 63; 85; 35; 152; 31; 29; 40; 62; 43; 23;122; 23; 48;124; 36; 25; 29; 45;  53; 20;16; 42; 29; 43; 317; 56; 7; 23; 139; 2; 80; 74;217;102; 25; 46; 41; 121; 71; 41; 40; 78; 37; 24; 86; 1; 223; 76; 41; 388;252; 88; 67; 35; 89; 70; 30;266; 60; 61; 157; 31;  0; 32; 24; 26; 56; 26; 325; 0
2020-05-04;2260; 383; 45;117; 85;165;106;192;244; 89;120;231;179; 72;157;120; 50; 70;158;123;176;145;127; 82;255;179; 98;150;207;1;144;165; 97; 320; 60; 82;215;241;112;139;240; 90; 80;283;123; 54;138; 92; 132; 62;29; 82; 59; 79; 584;141;14; 61; 440;10; 99;114;414;200; 59;135;105; 267;157;108; 79;206; 55; 47;196; 6; 351;149; 64; 742;334;199;118; 39;123;110; 57;440;165;133; 275;132;  1;116; 45; 59;129; 78; 676; 0
2020-05-05;2227; 345; 27;140; 68;143; 91;216;235; 97; 96;189;146; 74;200;131; 44; 79;114;110;140;124;104; 90;304;185; 96;182;148;1;130;132; 88; 326; 62; 70;164;199;146;112;179; 98;135;268; 77; 30;118; 75;  88; 50;17; 65; 52; 59; 483;103; 9; 34; 448;10; 91; 84;322;146; 55;100; 79; 214; 98; 54; 77;173; 66; 33;166; 7; 370;105; 74; 697;278;131;123; 35;136; 93; 50;369; 94;101; 229; 84;  0; 86; 38; 49;109; 74; 515; 1
2020-05-06;1888; 367; 27;124; 89;148; 86;157;185; 71; 96;246;131; 80;134;119; 49; 54; 99; 98;209;132;107; 74;202;161; 68;127;189;0;105;116; 94; 312; 62; 57;121;195;106;122;202;161;101;224; 56; 50; 78; 50;  66; 29;17; 67; 33; 46; 400; 77; 7; 48; 401; 5; 77; 66;239;110; 58; 96; 73; 196; 94; 73; 68;139; 70; 39;149; 4; 293;121; 60; 652;288;118; 88; 24;112; 73; 50;312; 79; 84; 276; 91;  2; 48; 37; 58;229; 60; 482; 0
2020-05-07;1935; 286; 58; 89; 57;161;104;178;190; 66;104;200;140; 65;134;108; 47; 59;153;106;138;109; 93; 65;219;147;131;156;171;0;123;104; 84; 320; 76; 77;116;235;109;110;325;121; 78;318; 66; 39;103; 62;  70; 32;13; 70; 36; 93; 353;107; 6; 37; 368; 5; 83; 79;241;129; 66; 76; 53; 185; 89; 87; 59;126; 41; 28;125; 4; 279; 90; 57; 563;290;112; 89; 27;109; 59; 31;286; 98;108; 280; 69;  5; 66; 48; 50;220; 58; 558; 0
2020-05-08;1522; 249; 24; 64; 55; 87; 78;175;129; 62; 63;136; 82; 42; 69; 89; 25; 60; 88; 81; 88; 62; 86; 43;157;124; 44;127; 96;0; 61; 54; 19;  99; 27; 36; 57; 65; 44; 37;109; 31; 33;115; 28; 18; 43; 26;  30; 18;11; 36; 24; 72; 200; 40; 6; 13; 273; 3; 58; 38;101; 51; 29; 53; 46; 108; 37; 36; 25; 80; 29; 13; 63; 1; 172; 49; 29; 316;154;161; 44; 18; 72; 41; 25;204; 39; 49;  71; 30;  1; 44; 25; 21; 43; 42; 171; 0
2020-05-09; 938; 148; 16; 61; 41;116; 46; 93;187; 52; 90; 91; 78; 32; 98; 79; 19; 61;111; 91; 97; 78; 87; 63;198;107; 38; 83; 99;0; 58; 73; 37; 152; 36; 42; 65; 89; 51; 47;151; 43; 46; 74; 43; 26; 53; 48;  58; 30;10; 50; 31; 34; 343; 58; 2; 24; 193; 3; 59; 51;167;108; 31; 42; 42; 112; 60; 51; 31;101; 29; 23; 82; 1; 142; 69; 38; 331;124;126; 50; 19; 46; 61; 24;178; 24; 43;  86; 41;  0; 36; 17; 27; 60; 37; 307; 0
2020-05-10; 826; 124; 15; 48; 34; 84; 51; 95; 94; 36; 47; 62; 69; 25; 74; 67; 18; 50; 76; 86; 73; 52; 88; 69;179;113; 38; 66; 72;0; 56; 55; 26; 132; 28; 33; 57; 46; 24; 37; 77; 27; 29; 84; 25; 14; 36; 42;  39; 23;15; 32; 19; 31; 222; 55; 5; 22; 182; 1; 51; 33;116; 55; 17; 64; 48;  96; 42; 43; 33; 76; 26; 16;100; 1;  99; 69; 45; 311; 96;118; 38; 23; 53; 55; 19;122; 39; 56;  73; 24;  0; 33; 18; 22; 36; 28; 196; 0
2020-05-11;1887; 384; 47;125; 55;111; 89;171;220; 95;122;163;132; 58;139;109; 34; 59;166; 98;184;137;135; 97;486;195; 63;133;245;0;125;157; 76; 324; 53; 64;180;169;105;101;222; 64; 88;213; 80; 48; 99;103;  99; 56;30; 86; 61; 63; 550;133; 9; 76; 412; 5;110; 97;341;166; 61;106;103; 242;110;105;108;197; 72; 43;181; 8; 295;109; 85; 764;258;150;153; 33;113; 99; 44;427;138;133; 271; 93;  4; 89; 50; 74;259; 79; 626;14
2020-05-12;1685; 326; 38;110; 95;152;114;162;237;111; 82;154;131; 66;141;127; 36; 63;117;101;116;135; 95;100;218;125; 62;128;204;0;119;120; 62; 277; 53; 74;139;170; 91; 84;209; 72; 74;210; 71; 40; 82; 83;  98; 51;21; 59; 57; 62; 505;148; 9; 56; 328; 7;124; 82;241;134; 70; 99; 77; 278; 97;105; 88;194; 55; 57;182; 7; 239;112; 79; 761;241;176;103; 35;113;125; 66;373; 78;108; 189; 98;  2; 76; 52; 51;171; 75; 581; 0
2020-05-13;1819; 312; 43;135; 76;171; 96;169;196; 68; 88;197;140; 57;134;125; 45; 69;157;115;219;126;132; 84;394;167;103;199;136;0;107;136; 69; 257; 65; 68;138;167; 78;102;197; 74; 89;198; 62; 55; 85; 97; 102; 40;14; 78; 64; 63; 517;122;17; 46; 279; 4;105; 93;299;148; 54; 86; 93; 265;114;107; 96;155; 56; 42;174; 5; 262;116; 77; 685;203;189; 82; 39;127; 80; 49;333; 79; 96; 132; 68;  3; 67; 42; 57;126; 61; 513; 0
2020-05-14;1908; 332; 34;111; 60;151; 92;183;172;119; 99;195;146; 62;128;119; 24; 56;119;132;134; 98;107; 67;205;162; 82;122;105;0; 92;116; 60; 197; 50; 64;126;116; 90; 57;172; 58; 51;183; 53; 34; 93; 65;  72; 31;11; 85; 60;143; 439; 88; 7; 43; 259; 3;107; 94;243;107; 49; 63; 54; 246; 97; 75; 72;140; 53; 38;146; 7; 231;100; 61; 675;136;126; 74; 33; 77; 84; 28;244;127; 97; 135; 65;  3; 57; 39; 49; 88; 47; 426; 0
2020-05-15;1827; 301; 37;107; 83;144; 87;153;176; 78;100;151;143; 45;156;117; 37; 66;129;141;165;109; 97; 91;210;168; 77;138; 92;0;112;133; 51; 197; 70; 79; 95;152; 75; 85;177; 69; 75;150; 45; 49; 77; 76;  68; 31;19; 63; 37; 42; 495; 91; 6; 43; 215; 3; 94; 75;210;120; 42; 72; 89; 271; 92; 64; 75;121; 40; 34;129; 3; 158; 91; 62; 533;127;182; 62; 23; 48; 53; 34;195;156;103; 153; 76;  6; 82; 25; 65;107; 65; 458; 0
2020-05-16; 852; 196; 17; 63; 71;108; 58;106;141; 46; 85;114;100; 40;112; 75; 35; 46; 91;106; 85; 69; 58; 55;261;109; 44; 90; 66;0; 61; 65; 31; 120; 33; 45; 64; 69; 46; 49; 94; 44; 34; 78; 26; 30; 49; 50;  48; 25;12; 46; 30; 36; 280; 64; 8; 29; 132; 2; 88; 41;110; 61; 24; 53; 53; 149; 45; 32; 50; 92; 37; 15; 89; 0; 104; 66; 47; 369; 96; 93; 39; 29; 68; 51; 27;117; 70; 34;  91; 37;  0; 25; 19; 21; 27; 24; 188; 0
2020-05-17; 900; 201; 24; 55; 43; 87; 50;101;109; 42; 57; 90; 54; 26; 68; 60; 32; 32; 84; 93; 67; 68; 65; 44;134; 94; 26;103; 45;1; 66; 72; 34; 117; 24; 42; 59; 70; 51; 44; 86; 34; 28; 72; 33; 27; 51; 45;  39; 19; 7; 33; 37; 24; 321; 46; 2; 25; 144; 3; 68; 35; 96; 59; 26; 68; 34; 151; 36; 45; 52; 80; 46; 20;105; 2; 104; 69; 43; 357;106; 99; 36; 20; 57; 54; 35;117; 43; 45;  58; 16;  1; 35; 23; 23; 33; 25; 149; 0
2020-05-18;1947; 389; 35; 99; 96;151; 91;190;214; 86;133;156;145; 61;147;142; 50; 68;158;152;132;105;112;110;225;169; 60;153;143;1;144;166; 70; 267; 71; 79;120;160; 99; 80;268; 66;100;199; 50; 48; 96; 93; 111; 48;18; 84; 56; 61; 619;120;18; 47; 302; 6;139;101;254;143; 53; 98; 89; 359;108;114; 82;171; 48; 36;168; 7; 258;121; 64; 779;202;179;148; 35;121; 92; 66;245;176;112; 170; 83;  2; 72; 61; 52; 96; 66; 486; 0
2020-05-19;2184; 344; 36;122; 90;152; 79;202;192;108;105;159;142; 73;152;109; 44; 73;162;126;133;126;120; 85;241;220; 68;143;132;1;137;104; 70; 294; 64; 71;111;141; 89; 68;187; 57; 78;215; 53; 38;106; 67;  98; 37;14; 60; 62; 37; 631;102; 8; 48; 287; 2;114; 94;262;143; 49; 85; 92; 288; 90;186; 95;198; 39; 43;151; 7; 246;112; 68; 933;167;169; 94; 31; 85; 82; 43;204;110; 83; 164; 64;  3; 64; 43; 53;110; 75; 537; 0
2020-05-20;1855; 390; 29; 96; 82;150; 90;170;237; 98; 97;151;165; 71;134;100; 32; 73;142;149;135;149;129; 97;352;160; 64;132;141;0;113;131; 44; 233; 77; 71;107;158;118; 74;231; 61; 83;264; 66; 32; 97; 66;  91; 34;12; 73; 55; 46; 633; 99; 9; 32; 285; 2; 94; 73;247;118; 33; 82; 73; 261;132;137; 87;176; 58; 29;125; 6; 201;119; 72; 907;159;207; 61; 27; 77; 80; 70;241;108;105; 159; 81;  4; 51; 29; 42; 79; 53; 488; 0
2020-05-21;1383; 222; 11; 61; 39;111; 52; 95;124; 54; 75; 81; 84; 46; 83; 61; 14; 37; 47; 74;123; 85; 52; 39;112;109; 28; 90; 52;0; 66; 77; 42; 174; 38; 54; 66; 83; 80; 65;202; 29; 76;104; 26; 28; 47; 36;  49; 15; 7; 49; 20; 21; 267; 31; 7; 16; 198; 4; 51; 34;115; 54; 24; 48; 50; 126; 23; 65; 52;102; 21; 16; 82; 2; 116; 63; 48; 649;112;120; 50; 17; 45; 45; 25;145; 45; 40;  81; 35;  0; 23; 19; 27; 50; 36; 275; 0
2020-05-22;1525; 248; 10; 92; 60;112; 64;140;146; 49; 75;134;102; 53;102; 66; 32; 60;101;107;148;106; 97; 83;333;145; 45;108; 91;0;113;112; 72; 247; 56; 62; 97;143;112; 77;278; 65; 96;163; 51; 37; 85;104;  73; 34;11; 78; 49; 39; 481; 79; 7; 42; 247; 0;110; 95;294; 93; 35; 81; 85; 240; 92; 68; 55; 93; 38; 43; 98; 7; 146; 92; 60; 667;126;122; 64; 23; 72; 70; 43;159;101;129; 214;104;  3; 64; 27; 70; 90; 60; 550; 0
2020-05-23;1268; 203; 15; 63; 53; 97; 49; 98;128; 50; 46;110; 85; 47; 94; 71; 38; 45; 90;123; 77; 86; 88; 64;147;149; 43; 85; 68;0; 66; 77; 41; 158; 41; 47; 79; 75; 61; 54;149; 44; 59;107; 31; 29; 54; 69;  54; 25; 9; 44; 30; 38; 313; 62; 8; 34; 146; 2; 66; 77;118; 71; 39; 59; 67; 185; 59; 60; 48; 87; 34; 40;122; 1; 142; 79; 34; 427;130; 86; 56; 27; 97; 56; 31;145; 47; 61;  85; 46;  2; 29; 18; 32; 49; 32; 243; 0
2020-05-24;1213; 209; 23; 76; 47;131; 80;119;134; 59; 48;114; 95; 28; 95; 84; 21; 32; 91; 95;102; 90; 80; 73;126;136; 33; 94; 45;0; 65; 97; 33; 141; 32; 41; 94; 84; 66; 63;142; 33; 45; 99; 30; 15; 66; 60;  53; 29; 6; 49; 20; 27; 275; 62; 6; 30; 154; 6; 70; 47;134; 62; 37; 63; 60; 161; 52; 63; 46;111; 54; 26;103; 5; 151; 61; 41; 492;116; 91; 49; 18; 73; 58; 26;154; 34; 77;  65; 29;  1; 32; 13; 26; 23; 36; 279; 0
2020-05-25;2096; 402; 26;138; 71;226;101;206;204; 63;107;207;130; 62;146;118; 43; 93;158;162;163;141;162;117;385;241; 74;170;166;1;163;159;100; 347; 95;110;180;153;138;126;400; 85; 94;244; 79; 66;149;124; 107; 75;22; 95;106; 77; 739;151; 9; 70; 435;11;135;100;347;152; 70;142;117; 290;128;120; 87;167;106; 69;211; 3; 301;140;112; 971;297;311;164; 32;146;127; 51;344;126;168; 244;101;  4; 90; 45; 66;142; 73; 666; 0
2020-05-26;2022; 324; 35;115; 83;186; 91;185;162; 79; 99;210;182; 48;131;106; 37; 54;141;112;187;117;127; 82;223;180; 42;171;133;1;155;168; 79; 286; 70;105;159;175;106;102;328; 95;109;216; 68; 49;134;103; 107; 58;15; 85; 64; 69; 634;113; 3; 59; 337; 8;127;109;251;117; 73;109; 91; 290;118;187; 92;160;119; 62;180; 5; 209;130; 93; 902;248;165;157; 54; 96;100; 48;303; 99;141; 175; 90;  3; 56; 44; 54;117; 72; 591; 0
2020-05-27;1845; 318; 28;110; 77;191;100;193;186; 89; 92;203;138; 87;151;107; 43; 62;124;140;169; 95;142;109;232;182; 66;155;151;0;177;143; 69; 315; 65; 78;125;161; 94;108;237; 67; 85;197; 72; 31;123; 92; 102; 54;15; 85; 53; 50; 518; 91; 9; 49; 330; 9;116; 92;251;119; 55; 96; 94; 287;143;146; 99;166; 83; 42;168; 2; 208;131; 77; 851;206;127;107; 34;108;121; 50;277; 70; 95; 153; 67;  2; 49; 42; 46; 79; 42; 488; 2
2020-05-28;1812; 282; 36; 84; 83;162; 99;171;208; 60; 81;179;167; 73;126; 98; 54; 78;115; 96;149; 97;131; 98;270;207; 51;131;112;0;142;161; 79; 273; 73; 80;153;149; 73;131;246; 55; 77;195; 49; 33; 88; 75;  75; 50;10; 57; 49; 49; 484; 89; 8; 44; 256;10; 88; 91;191; 79; 39; 96; 75; 229; 95; 74; 57;114; 69; 46;133; 2; 172; 97; 53; 722;190;115; 49; 27; 74; 98; 49;186; 65; 89; 135; 69;  0; 52; 19; 43; 74; 49; 418; 0
2020-05-29;1756; 258; 33;102; 50;131; 89;147;161; 48; 68;138;148; 82; 99; 74; 72; 57; 64; 95;144; 72;108; 71;262;156; 56;126;117;0;150;128; 65; 283; 66; 65;110;116; 78;144;172; 53; 70;183; 58; 33; 95; 87;  70; 34;12; 52; 39; 42; 362; 93; 9; 51; 228;15; 75; 79;187; 75; 33; 69; 72; 188; 94; 62; 49; 84; 63; 36;107; 8; 144;105; 51; 597;127;100; 71; 15; 82; 69; 32;135; 71;112; 130; 57;  3; 63; 30; 53; 59; 51; 401; 0
2020-05-30;1239; 224; 20; 63; 57;126; 61;100;127; 43; 43;119; 93; 44; 74; 62; 41; 39; 53; 71; 75; 59; 65; 62;157;110; 34; 67; 67;1; 73; 76; 38; 130; 43; 23; 74; 77; 46; 55; 80; 29; 37;113; 24; 14; 60; 29;  32; 17; 4; 24; 13; 23; 205; 43; 5; 23;  96; 9; 46; 46;114; 52; 25; 41; 39; 100; 55; 35; 34; 55; 31; 32; 53; 0;  86; 52; 29; 323; 77; 50; 25; 10; 25; 45; 12; 94; 40; 74;  69; 28;  0; 34; 18; 21; 27; 39; 194; 0
2020-05-31;1130; 173; 22; 64; 60;120; 71; 93;112; 52; 49;127; 89; 85;108; 86; 49; 43; 65; 82; 79; 57; 70; 76;136;136; 37; 98; 90;0; 60; 88; 31; 134; 72; 44; 66; 64; 49; 35;118; 23; 43; 92; 30; 25; 55; 47;  44; 18;12; 33; 21; 35; 187; 61; 8; 15; 129; 5; 54; 43; 96; 73; 25; 51; 52; 101; 62; 50; 46; 80; 45; 13; 86; 2; 109; 60; 50; 341; 68; 75; 33; 21; 50; 51; 24;119; 31; 50;  60; 37;  0; 34; 15; 21; 29; 39; 203; 0
2020-06-01;1373; 240; 25; 62; 53;108; 93;138;133; 58; 68;122; 98; 53; 82; 81; 48; 31; 74; 69; 86; 62; 70; 82;143;131; 45; 85; 92;0; 98;104; 42; 214; 67; 56; 93; 83; 77; 63;113; 23; 50;115; 35; 24; 43; 60;  44; 15; 8; 44; 43; 31; 246; 64; 4; 32; 181; 6; 55; 61;118; 56; 36; 56; 46; 121; 62; 53; 44; 80; 46; 24;104; 0; 116; 58; 43; 427;103; 77; 38; 20; 66; 53; 30;116; 37; 51;  69; 43;  1; 33; 22; 25; 32; 28; 248; 0
2020-06-02;2044; 416; 30;122; 56;189;142;225;184; 64;108;238;198; 85;174;151; 88; 79;143;119;210;106;151; 96;395;252; 63;153;134;0;168;158;114; 400;113;104;119;168;103;110;262; 73; 96;227; 64; 48;125; 74; 107; 32;18; 91; 47; 73; 502; 90;11; 56; 300; 8;139;120;241;134; 46; 87; 92; 268; 94; 97; 82;168; 77; 54;139; 8; 162;113; 81; 836;200;211; 78; 38; 86; 77; 44;203; 66;100; 106; 50;  5; 61; 36; 50; 77; 62; 416; 0
2020-06-03;1972; 337; 22; 98; 61;183;119;170;202; 66;110;230;154;107;180;152; 62; 78;106;142;132; 89;106;112;304;216; 59;143; 99;0;147;163;112; 338;107; 73;132;131; 75;108;207; 69; 68;141; 66; 62; 99; 75; 100; 36;13; 72; 54; 43; 382; 86;10; 41; 240; 4; 83; 92;173;101; 57; 75;108; 208;101; 65; 68;137; 56; 42;206; 4; 147; 94; 70; 701;117;114; 60; 27; 71; 81; 27;192; 51; 78; 106; 61;  4; 56; 26; 40; 57; 42; 368; 0
2020-06-04;1818; 312; 44; 95; 66;183;137;174;190;100;100;167;114;128;140;127; 54; 79;116; 96;143;109;118; 93;174;167; 58;169; 59;0;130;139; 73; 265; 90; 64; 95;106; 77; 74;208; 54; 88;198; 46; 52; 85; 53;  56; 19;10; 44; 25; 31; 293; 63; 8; 24; 203; 3; 86; 69;191; 92; 42; 68; 45; 186; 75; 46; 64;136; 32; 35;108; 6; 152; 89; 39; 585;113; 79; 74; 28; 69; 50; 23;161; 52; 88; 100; 52;  4; 95; 33; 42; 71; 45; 320; 0
2020-06-05;1462; 256; 18; 91; 59;138; 89;164;148; 65; 85;127;100;248;134; 95; 44; 62;100;114;104; 77; 84; 66;178;151; 46;108; 73;0;128; 99; 66; 285; 97; 56; 90; 90; 40; 63;167; 68; 65;103; 39; 38; 61; 42;  57; 21;12; 48; 30; 39; 279; 60; 9; 24; 162; 2; 62; 54;143; 52; 37; 55; 42; 157; 55; 42; 47; 69; 29; 24; 80; 3;  99; 49; 45; 406; 64; 63; 28; 18; 36; 34; 16;124; 38;101;  94; 31;  2; 55; 19; 32; 41; 50; 272; 0
2020-06-06;1085; 221; 24; 49; 50;115; 91;131;159; 49; 96;144;103; 76; 94; 74; 42; 57; 98; 88; 86; 75; 88; 82;151;110; 51; 78; 76;0; 63;111; 45; 152; 54; 38; 65; 71; 35; 45; 99; 35; 24;117; 45; 25; 46; 39;  45; 19; 9; 32; 31; 28; 227; 47; 8; 20; 134; 5; 59; 65; 98; 65; 32; 63; 33; 139; 63; 42; 37; 65; 44; 19;103; 3; 108; 67; 48; 383; 86; 72; 42; 16; 55; 48; 23; 98; 19; 64;  59; 44;  0; 27; 13; 24; 31; 33; 177; 1
2020-06-07;1077; 187; 27; 78; 50; 90; 92;140;116; 64; 71;118;105; 55; 74; 86; 55; 48; 78; 78;113; 85; 89; 60;151;114; 41;100; 53;0; 72; 77; 23; 118; 43; 34; 72; 49; 35; 34;103; 33; 34; 74; 32; 21; 35; 50;  64; 23;10; 35; 27; 35; 244; 59; 5; 28; 155; 6; 70; 57;105; 62; 51; 62; 54; 142; 55; 36; 37; 92; 35; 19;107; 1; 125; 59; 39; 365; 75; 79; 42; 17; 47; 40; 22;103; 27; 73;  60; 30;  0; 26; 10; 22; 32; 45; 188; 0
2020-06-08;2339; 425; 43;108;106;210;149;204;236;101;117;229;163;269;182;137; 67; 97;159;130;181;151;154;132;258;224; 77;191;123;0;193;192;118; 347;118; 71;135;205;118;107;260;105; 88;234; 80; 52;127;107; 111; 36;26; 87; 62; 63; 587;122; 4; 68; 357;11;133;152;241;137; 69;102; 77; 333;119; 98; 90;184; 72; 34;179; 8; 183;122; 99; 895;221;158; 93; 28;107; 99; 42;225; 88;106; 137; 65;  2; 90; 30; 47; 67; 73; 473; 2
2020-06-09;2283; 423; 20; 63;107;269;135;229;235; 78;129;221;172;186;177;141; 54;101;138;144;151;137;152; 90;306;190; 71;182;116;1;204;161; 91; 313;109; 89;115;157; 97; 88;209; 78; 82;202; 75; 42;110; 80; 105; 37;21; 93; 60; 58; 560;125; 9; 52; 260; 4;129;125;251;125; 70; 99; 98; 283; 81;103;113;181; 66; 40;176; 3; 189;128; 83; 925;179;144; 72; 27; 89; 80; 46;203; 59;100; 116; 51;  2; 68; 36; 39; 65; 51; 387; 0
2020-06-10;2325; 367; 36;101; 94;198;140;199;230; 67;143;197;141; 90;169;165; 56; 74;158;134;167;151; 99;109;244;201; 70;146; 69;0;144;179;112; 248;104; 68;109;144; 98; 87;187; 69; 97;190; 82; 39; 66; 70; 106; 40;26; 98; 54; 59; 600;107;11; 39; 254; 5;103; 90;208;134; 57; 74; 80; 223;102;111; 88;150; 83; 44;218; 8; 230;125; 90; 865;213;123; 85; 30; 76; 85; 34;195; 55; 94; 248; 53;  5; 48; 21; 38; 62; 50; 360; 0
2020-06-11;2766; 438; 29; 90; 89;219;115;219;213; 68;152;189;119; 68;160;137; 48; 89;148;127;137;126;127; 86;223;179; 85;144;116;0;139;160; 99; 281; 97; 77;122;161; 71; 75;208; 46; 89;194; 81; 64;111; 69;  88; 38;19; 73; 69; 36; 431; 89;10; 45; 220; 1;113; 94;174;104; 52; 82; 85; 228; 94; 83; 66;121; 67; 40;129; 5; 201;102; 95; 711;252;103; 78; 34; 88; 65; 33;165; 58; 92; 185; 41;  3; 54; 36; 31; 75; 47; 298; 0
2020-06-12;2478; 378; 34;118; 73;196;123;220;249; 77;110;181;139;160;176;123; 60; 78;133;103;154;129;200; 81;223;167; 73;169; 98;0;177;154; 82; 292; 87; 70;103;129; 89; 74;241; 57; 94;182; 97; 44; 80; 96;  79; 36;18; 72; 44; 53; 504;106; 7; 30; 204; 5;118; 77;188;112; 63; 65; 77; 221; 98; 92; 65;131; 73; 33;136; 1; 177; 92; 61; 672;235; 98; 63; 42; 77; 62; 36;148; 67;144; 536; 60;  3; 70; 37; 44; 77; 52; 446; 0
2020-06-13;1933; 322; 20; 72; 65;147; 69;155;172; 53; 88;144;101; 50;141; 82; 36; 45;115; 80;107;106;114; 70;182;116; 62;105; 76;0; 78;132; 40; 201; 73; 51; 59; 66; 50; 49;122; 37; 53; 78; 40; 43; 47; 35;  49; 22; 8; 50; 26; 33; 235; 76; 4; 30; 148; 4; 71; 53;149; 79; 31; 58; 64; 153; 76; 81; 55; 75; 36; 24; 91; 0; 134; 74; 73; 446;132; 91; 36; 31; 63; 60; 22;115; 31; 78; 156; 44;  0; 54; 21; 28; 35; 37; 268; 0
2020-06-14;1687; 254; 28; 82; 48; 96; 68;142;122; 52; 42;105; 92; 28;114; 95; 20; 42;106; 54;113; 84;105; 60;143;121; 34;112; 64;0; 76;103; 33; 180; 67; 57; 50; 71; 53; 33; 95; 25; 36; 91; 51; 27; 63; 51;  57; 22; 7; 43; 24; 27; 226; 63; 5; 31; 175; 3; 69; 58;118; 64; 29; 60; 48; 138; 65; 42; 33; 73; 33; 21; 86; 1;  98; 59; 54; 421;155; 85; 55; 17; 65; 61; 23;107; 48; 76; 250; 44;  0; 46; 17; 21; 47; 29; 259; 0
2020-06-15;2568; 425; 34;138;100;187;132;229;253; 92;107;204;185;132;194;148; 70; 62;158;133;157;165;161;106;349;213; 77;198;121;0;146;227;120; 393;134;101;139;193;109; 92;236; 76;125;224; 64; 72;128; 97; 132; 60;36; 84; 84; 69; 608;107;14; 68; 350; 7;152;114;232;183; 80; 83;107; 277;133; 84;100;154; 83; 44;171; 8; 227;138; 87; 762;203;141; 79; 51;126;154; 41;206; 97;231; 488; 98; 15; 65; 47; 47; 92; 83; 607; 0
2020-06-16;2649; 410; 38;131; 78;192;105;235;275; 88;114;212;157; 92;219;136; 55; 94;146;159;229;153;142;118;239;199; 73;196;173;0;187;240; 89; 339; 97;121;155;179; 95;102;217; 68; 98;196; 67; 64;115; 78; 145; 46;14;101; 61; 66; 547;111;19; 43; 307; 7;140;118;225;145; 65;127;111; 257;126;119; 94;174; 82; 35;187; 9; 203;145;125; 796;174;150; 82; 23;104;105; 51;225;128;201;1365;117;  4; 81; 40; 70; 83; 53; 567; 0
2020-06-17;2897; 471; 25;130; 99;214;104;272;250; 93;117;185;178; 67;221;153; 67; 90;172;151;184;182;185;125;263;208; 94;202;107;0;166;199; 94; 365;132; 92;163;251;117; 83;271; 79;101;217; 70; 56;101; 77; 113; 39;19;104; 56; 56; 538;116;11; 42; 329; 5;135;108;236;169; 73;216;106; 276;134; 87; 88;177; 84; 50;168; 8; 222;147;109; 980;174;134; 86; 38; 93; 94; 56;206;124;506;1424;101;  6; 69; 29; 64;104; 48; 527; 0
2020-06-18;2851; 389; 34;135; 91;186;112;260;272; 61;130;194;175; 89;208;145; 52;111;142;136;130;139;140;102;273;196; 75;204;128;0;157;198;117; 327;114; 90;112;189; 91; 81;230; 79; 88;168; 68; 53; 77; 85; 112; 34;17; 68; 52; 53; 522; 92;16; 87; 299; 5;124; 96;273;143; 60;127; 98; 245;112; 75; 72;134; 64; 35;140; 7; 195; 98; 66; 873;173;110; 88; 27; 91;229; 33;213;116;293; 967;103;215; 51; 31; 39; 80; 63; 506; 1
2020-06-19;2679; 417; 45;122;100;189;118;223;341; 81; 84;169;158;216;209;152; 65; 99;140;118;152;145;136;112;243;180; 80;221;122;0;141;202; 83; 287; 94; 71;137;191; 85; 95;201; 56; 78;132; 61; 48; 91; 83; 110; 41;13; 97; 56; 51; 517;106; 7; 52; 233; 8;116; 86;223;123; 85;102; 77; 240; 92; 76; 88;150; 67; 43;141; 5; 191;134; 88; 725;183;111; 96; 33; 76;138; 38;212;136;499; 866; 92;  6; 71; 68; 68; 81; 63; 550; 1
2020-06-20;2146; 358; 22; 75; 60;162;104;207;196; 63; 95;140;142; 43;166;117; 52; 65;113;107;129;120;172; 85;201;152; 46;228; 71;0;118;182; 50; 171; 57; 64; 77;116; 61; 47;141; 47; 64;126; 25; 50; 48; 57;  57; 25;10; 41; 33; 49; 341; 74; 7; 38; 177; 2; 89; 66;151; 95; 43; 54; 63; 156; 78; 55; 67; 83; 61; 21; 95; 0; 150; 81; 77; 555;115;101; 53; 19; 69;137; 24;176; 69;156; 367; 51;  1; 62; 31; 48; 55; 49; 342; 0
2020-06-21;1907; 288; 19; 80; 79;131; 84;191;190; 60;105;136;101; 59;159; 92; 29; 51;128; 94;175;107; 86; 78;234;123; 53;145; 83;0;109;137; 57; 158; 53; 55; 94;112; 58; 51;113; 29; 49;148; 23; 35; 53; 40;  57; 32;23; 45; 42; 32; 322; 61; 7; 40; 200; 3; 87; 73;173; 94; 48; 71; 49; 182; 72; 59; 51;117; 46; 24;120; 2; 137;110; 64; 550;117; 92; 67; 45; 92; 73; 26;217; 60;101; 291; 70;  1; 52; 23; 30; 46; 47; 355; 0
2020-06-22;2738; 439; 36;138;112;205;123;309;310;114;132;237;190;196;215;161;124; 94;195;181;177;175;177;121;505;262;120;217;133;0;210;411;138; 344;119;192;334;253;105;153;336; 91;121;289; 96; 74;165;130; 146; 68;33; 90; 99; 82; 656;159;19; 62; 421;11;166;130;317;183; 92;140;100; 359;166;119;115;183;112; 37;257; 5; 248;156;121; 887;187;168; 91; 31;107;150; 45;339;132;200; 869;181;  2;132; 58; 75;141;100; 738; 0
2020-06-23;2848; 463; 38;155;123;195;117;305;256; 92;113;242;207;190;207;173;105; 66;168;188;186;166;147;126;426;273; 68;241;139;0;170;330; 99; 371;109;163;245;215;125;158;252;116;101;257; 68; 80;103;106; 123; 50;14; 91; 75; 78; 579;134; 8; 77; 348;12;143;128;285;262; 74;154;117; 344;170;128;144;232; 72; 65;235; 8; 326;190;161;1178;193;127;125; 60;148; 96; 50;281;146;171; 929;123;  4;114; 55; 60;125; 93; 661; 0
2020-06-24;2678; 402; 38;158;122;172;123;275;288; 97;139;228;172; 58;215;176; 76;100;207;154;199;170;160;111;408;260; 96;246;122;0;174;250; 80; 306;124;141;207;184;110;126;284; 93; 94;203; 71; 75;135; 92; 125; 70;30; 98; 73; 90; 559;129; 6; 62; 320; 8;139;110;289;191; 76;115; 95; 272;140;118;120;195;109;121;215;24; 225;140;103;1049;191;179;127; 55; 96;133; 51;235;105;328;1483; 95;  5; 86; 40; 53; 71; 55; 640; 5
2020-06-25;2594; 458; 46;153; 85;165;123;256;250; 78;124;182;156; 66;203;124; 79; 72;137;149;174;201;139; 99;313;254; 63;249; 73;0;131;212; 72; 262; 91; 90;250;162; 79;102;204; 72; 64;159; 71; 50; 89; 64;  99; 35;26; 82; 45; 79; 395;148;12; 38; 236; 6; 91; 78;234;116; 45; 90; 93; 284;117; 83; 95;209; 38; 44;134;29; 215;144; 76; 847;208;126;104; 44;131;106; 40;203; 83;151; 938; 81; 61; 50; 28; 48; 76; 62; 496; 0
2020-06-26;2386; 393; 27;137; 57;197; 91;210;229; 74; 90;156;127; 98;204;123; 55; 69;115;146;131;151;119; 89;325;201; 82;175; 68;0;118;137; 59; 221; 77; 93;135;120; 58;106;183; 58; 79;164; 54; 45; 88; 81;  84; 51;24; 61; 58; 46; 380;121;11; 52; 227; 7;107; 72;209;129; 61; 68; 61; 212;109; 80; 77;146;125; 41;205; 7; 195;122; 87; 837;169;123; 86; 35;141;108; 41;212; 95;154; 856; 88;  1; 85; 29; 72; 59;116; 845; 0
2020-06-27;1410; 273; 24; 66; 47;121; 56;165;178; 32; 58;108; 86; 34;118;100; 33; 57;102; 82;110; 89; 91; 53;127;133; 52;128; 57;0; 66; 99; 46; 137; 37; 64; 65; 77; 44; 59;117; 48; 40; 87; 35; 35; 53; 35;  47; 28;12; 38; 32; 30; 232; 75; 5; 34; 146; 1; 62;110;119; 84; 40; 79; 42; 127; 85; 83; 56;128; 54; 17;103; 2; 253; 90; 54; 452; 93; 77; 51; 31; 72; 54; 24;129; 45; 91; 145; 56;  1; 36; 18; 74; 63; 67; 373; 0
2020-06-28;1368; 243; 27; 73; 41;115; 57;166;147; 37; 86;152; 93; 32;155; 61; 27; 37; 90;106;118; 88; 84; 61;161;119; 57;121; 53;0; 78; 97; 27; 133; 40; 40; 77; 76; 56; 39;118; 27; 44; 83; 33; 25; 39; 50;  57; 23;10; 47; 34; 32; 223; 49; 6; 59; 166; 2; 56; 52;136; 80; 33; 82; 61; 155; 69; 37; 86; 89; 60; 90;188; 4; 101; 59; 45; 462;117;114; 41; 58; 66; 63; 33;161; 37; 58; 103; 74;  0; 57; 17; 44; 69;126; 397; 0
2020-06-29;2549; 396; 47;122;110;171;126;269;266; 90;111;232;149;115;194;168; 35; 72;146;121;188;142;164;114;263;207; 62;268;260;0;177;198; 98; 354; 91;101;160;188; 75;109;215; 69; 65;194; 81; 73;109;118;  98; 67;33; 90; 64; 71; 528;124; 8; 82; 333; 7;120;117;255;185; 65;129;114; 304;112;131; 94;224; 58; 49;217; 8; 244;188;107; 997;211;124; 91; 45;149;104; 47;315;111;153; 858;106;  2; 98; 55; 89;133;196; 679; 0
2020-06-30;2394; 365; 41;121;101;175;123;273;253; 90;127;207;162; 81;205;136; 50; 89;126;139;161;145;149; 92;278;197; 61;169;262;0;118;162; 64; 274; 50; 87;158;146; 69;101;218; 74; 81;182; 52; 46;105; 87;  69; 40;20; 77; 52; 76; 526;112;21; 73; 307; 7;124;121;235;147; 62;101; 83; 288;119;154; 89;177;117; 50;259; 9; 285;174;188; 990;194;127;124; 24; 90;144; 49;242; 85;158;1082; 99;  2; 95; 25; 76;112;176; 725; 0
2020-07-01;2400; 378; 27;100;106;163; 85;255;234; 77;108;198;133; 59;175;149; 43; 78;127;132;157;141;200; 77;292;182; 62;172;243;0;133;154; 79; 296;105; 90;131;172; 86; 99;189; 58; 70;167; 58; 64;107; 71; 103; 40;23; 80; 48; 67; 468;124; 8; 57; 298; 6;132;106;216;133; 71;117; 93; 291;129;144;111;215; 49;127;200; 5; 189;168;130; 980;202;104; 71; 59;131; 78; 45;302;102;160; 847; 90;  3;114; 37; 77; 98;559; 636; 0
2020-07-02;2204; 337; 41;128; 64;164;102;201;193; 48;106;157;153; 48;169;128; 35; 64;131;102;116;119;164;127;202;183; 53;164;235;0;109;148; 68; 259; 55; 88;114;135; 68; 71;138; 64; 58;131; 62; 54; 93; 64;  92; 32;20; 72; 48; 62; 449;102;12; 55; 219; 9;105;103;237;220; 42;101; 72; 239;114; 98; 78; 97; 90; 21;206;22; 165;106; 72; 755;178;113; 67; 21; 57;142; 47;218; 96;110; 860;101; 42;147; 40; 96;117;153; 713; 0
2020-07-03;2151; 321; 35; 97; 61;256; 76;227;203; 59;107;154; 94; 39;153; 93; 36; 93;134; 93;104;129;159; 93;165;157; 54;144;203;0;107;115; 63; 213; 43; 67;114;144; 43; 84;133; 49; 54;143; 42; 34; 90; 78;  81; 29;17; 61; 50; 57; 422;119;12; 45; 231; 6; 76; 83;217;130; 55; 86; 97; 207; 95; 82; 71;185; 57; 28;173; 7; 149;102; 70; 724;137; 64; 71; 28;149; 51; 36;182; 92;163; 738;103;  3; 83; 22; 71;112;142; 746; 0
2020-07-04;1524; 267; 25; 90; 57;127; 70;146;160; 34; 60;104; 76; 34;125; 73; 19; 50; 71; 99; 78; 79;104; 65;112;122; 58;126;109;1; 88; 82; 46; 126; 39; 42; 73;100; 53; 56; 99; 30; 42;107; 42; 35; 70; 41;  68; 17;12; 43; 34; 28; 284; 70; 7; 46; 154; 4;130; 42;146; 77; 48; 40; 42; 140; 77; 58; 33; 70; 93; 13;190; 1; 210; 67; 65; 450; 88; 77; 42; 26; 46; 74; 27;133; 51; 77; 139; 58;  1; 76; 12; 52; 43; 66; 402; 0
2020-07-05;1425; 223; 34; 81; 45;126; 60;144;151; 33; 80;111;108; 43;116; 78; 24; 46; 72;105;101; 94;100; 64;120;135; 58;131; 64;0; 75; 82; 40; 130; 35; 55; 65; 77; 49; 54;115; 33; 37; 69; 31; 22; 50; 44; 156; 14;16; 50; 15; 40; 274; 63;11; 39; 151; 4; 65; 69;139; 94; 29; 42; 51; 146; 57; 39;105;114; 33; 93;104; 2;  99; 66; 53; 493; 91; 80; 45; 33; 66; 44; 22;121; 48; 84; 144; 36;  2; 49; 27; 77; 54;428; 396; 0
2020-07-06;2381; 434; 54;120; 92;167;102;246;249; 70; 83;188;135; 60;195;157; 45; 75;138;130;133;149;117;225;194;167; 79;199;139;0;128;159; 95; 295; 62; 74;187;159;124; 90;234; 78; 78;203; 74; 54;109;101;  93; 46;18; 79; 54;165; 442; 98;18; 60; 294; 8;130; 96;231;158; 65;108; 97; 309;115;130; 94;207; 87; 41;246;10; 188;125; 96; 937;188;153;100; 28;136;126; 53;254;231;191; 759;294;  5; 99; 36; 86;103;337; 770; 0
2020-07-07;2247; 356; 34;115; 69;190;114;281;255; 78;101;217;144; 73;190;135; 45; 80;154;128;133;118;116; 75;292;168; 83;212;135;0;127;146; 67; 223; 81; 83;129;152; 69; 95;256; 65; 71;175; 50; 77; 72; 71; 105; 48;23; 73; 53; 65; 507;101;10; 68; 261; 6; 92; 80;214;154; 40;117; 77; 255;120;137; 97;201; 55; 37;204; 7; 223;169;107; 872;163;157;164; 33;126; 63; 38;251;144;169;1008; 83;  4; 63; 51; 60; 91; 66; 660; 0
2020-07-08;2492; 401; 48;113; 64;168; 99;273;207; 60; 81;179;140; 61;191;147; 42; 87;146;107;150;131;116; 75;255;157; 64;225;178;0;167;157; 54; 258; 95; 75;123;181; 88; 89;174; 61; 72;158; 62; 48;138; 91;  77; 44;14; 75; 41;193; 442; 88;11; 67; 259; 9; 93;106;195;145; 44;112;105; 260; 84;109;101;162; 84;101;238;14; 164;112; 95; 888;184;160; 70; 37; 93;112; 48;216;129;166; 262; 97;  2; 74; 25; 52; 84;153; 598; 0
2020-07-09;2285; 338; 33;120; 71;155; 90;281;238; 74; 86;196;112; 60;163;107; 33; 71;120;106;118; 95;112; 68;208;138; 74;146;130;0;124;144; 58; 250; 54; 69;111;117;230; 77;165; 60; 78;126; 44; 49; 73; 75;  70; 37;16; 62; 52; 57; 376;132;15; 52; 245; 6; 89; 97;190;117; 61;108; 44; 216;111; 69; 66;160; 51; 32;160;11; 130;118; 57; 808;153;108; 66; 40;101; 96; 37;190;114;135; 258;142; 69; 78; 38; 65; 89;198; 595; 0
2020-07-10;2105; 329; 31; 97; 59;225; 90;280;182; 58; 97;172;125; 59;176;114; 55; 77;116;130;106;143;207; 64;171;169; 62;162;101;0;134;150; 52; 258; 79; 77;123;154; 64; 75;208; 96; 56;156; 45; 47; 83; 71; 102; 43;15; 76; 42; 43; 416; 88; 8; 45; 249;10;100;203;184;135; 42; 85; 63; 239;171; 85; 69;126; 73; 26;199; 3; 127; 77; 81; 749;145;115; 78; 24;124; 83; 36;237; 99;129; 273; 91;  4; 69; 34; 65; 85; 79; 574; 0
2020-07-11;1468; 248; 24; 92; 42;113; 99;171;110; 44; 72;116; 72; 32;121; 67; 25; 40; 85; 73;104; 74; 86; 63;131;109; 46;126; 66;0; 72; 94; 39; 157; 31; 51; 62; 56; 42; 54;125; 28; 46;121; 27; 23; 94; 49;  52; 22;11; 32; 38; 32; 315; 73; 2; 36; 181; 5; 60; 78;144;206; 33; 50; 35; 170;145; 48; 66;147; 44; 18;150; 5; 201; 87; 55; 541; 88; 62; 45; 22; 56; 43; 24;119; 46; 60; 114; 49;  2; 85; 17; 55; 34; 74; 350; 0
2020-07-12;1415; 228; 25; 76; 48;116; 66;161;144; 41; 69;132; 83; 32;152; 87; 30; 54; 76;102;105; 81; 74; 68;132;141; 52;144; 61;0; 49; 93; 27; 124; 38; 42; 57; 68; 31; 42; 98; 26; 34; 63; 40; 39; 50; 49;  58; 29;19; 54; 35; 31; 284; 69; 3; 43; 147; 8;128; 72; 86; 91; 35; 63; 47; 167; 83; 42; 63; 64; 58; 75;113; 1; 117; 50; 56; 472; 86; 92; 50; 24; 39; 68; 26;113; 68; 72; 128; 51;  0; 70; 17; 39; 32; 51; 361; 0
2020-07-13;2548; 443; 41;139; 94;180;126;265;285; 95;111;204;149; 85;185;141; 35; 90;158;132;162;148;137;113;226;198; 80;209;172;0;179;213; 76; 320; 88; 84;142;196;181;117;257; 74; 75;227; 77; 63;112; 99;  88; 49;21; 99; 60; 77; 503;119;15; 78; 342; 7;154;117;252;183; 66;116; 92; 298;140; 95; 98;223; 64; 37;209;13; 227;159; 76;1098;211;120; 76; 47;154; 78; 51;280;194;147; 416;110;  7;116; 42;117; 81;401; 717; 0
2020-07-14;2510; 486; 37;170; 87;211;138;270;240; 77;108;188;136; 51;178;144; 47; 79;141;143;131;119;127;105;230;151; 81;237;178;0;108;163; 68; 269; 69; 78;132;167; 90; 86;268; 84; 90;191; 67; 66; 86; 71;  87; 41;24; 75; 58; 72; 512;127;17; 48; 293;15;125;110;222;158; 56;135;105; 256;159; 98; 72;133; 86; 53;221; 2; 285;117;111; 874;175;178;122; 22; 89;114; 55;215; 72;160; 413; 93;  3;105; 26; 84; 90;231; 583; 0
2020-07-15;2522; 400; 45;165;100;196;119;234;248; 71;125;149;155; 51;203;162; 56; 72;130;129;152;138;133;280;218;185; 81;172;119;0;169;244; 90; 252;102; 84;143;268; 76; 89;187; 84; 86;163; 66; 57; 95; 77;  75; 46;17; 89; 61; 60; 565;127;13; 59; 287;12; 97;111;227;161; 55;133; 60; 259;129;100;100;219; 41; 89;143; 6; 180;152; 91; 936;153;123; 88; 81;129; 54; 49;214; 70;145; 258; 75;  3; 92; 27; 47; 73; 80; 550; 0
2020-07-16;2429; 420; 32;135; 95;162;153;252;231; 61; 88;176;132; 53;175;130; 41; 78;111;165;101;122;127; 99;242;163; 64;166;173;0;142;167; 72; 246; 75; 71;122;164;277; 93;175; 61; 64;165; 47; 48; 64; 59;  85; 45;13; 50; 43; 59; 431;107;16; 61; 362; 9;103; 64;198;118; 42;125; 78; 206;139; 87; 60;131; 74; 25;178;17; 159;116; 64; 820;156;110; 75; 30; 67;117; 56;207; 73;141; 267; 88; 45; 84; 36; 65; 86;272; 444; 0
2020-07-17;2246; 336; 36;108; 71;169;107;214;218; 81; 86;211;112; 48;179;112; 41; 84;109;111;113;105;146; 72;177;153; 61;173; 89;1;117;228; 67; 231; 65; 55;128;164; 84; 89;227;134; 68;179; 46; 65; 70; 67;  83; 32;16; 66; 55; 54; 453; 95; 8; 60; 265; 4; 92; 87;194;160; 68;114; 64; 214;189; 85; 68;183; 50; 34;143; 5; 185;142;109; 741;171; 80; 54; 48;146; 50; 32;207;105; 95; 221; 77;  2;104; 28; 55; 92; 54; 530; 0
2020-07-18;1565; 260; 24; 92; 44;112; 62;162;184; 63; 80;110;111; 59;128; 79; 22; 71;115; 70; 77;172; 64; 54;141;128; 54;135; 52;0; 94;116; 47; 156; 47; 45; 60; 73; 72; 47;119; 20; 54;102; 34; 30;132; 47;  46; 27;17; 47; 30; 32; 407; 94; 8; 27; 206; 6; 86; 84;144;127; 29;103; 46; 144;114; 77; 42; 92; 83; 27;162; 1; 251; 92; 58; 713;141;106; 61; 26; 56; 64; 39;137; 54; 72; 118; 72;  0; 53; 24; 41; 55; 51; 363; 0
2020-07-19;1685; 321; 28; 97; 68;129; 76;182;152; 49;104;136;122; 53;155;110; 37; 55;104;115; 99; 78; 73; 52;149;121; 52;119; 44;0; 96;101; 43; 131; 43; 46; 62; 96; 54; 44;105; 40; 45;109; 36; 13; 51; 46;  56; 33;11; 65; 47;124; 357; 76;10; 59; 258; 3; 87; 72;147;124; 44; 93; 75; 206;110; 60; 83;143; 22; 60; 83; 1; 119;147; 66; 726;114; 71; 36; 72; 66; 55; 46;158; 36; 98; 119; 65;  0; 47; 32; 44; 43; 59; 369; 0
2020-07-20;2705; 433; 50;146; 54;194;104;264;257; 76;105;195;169; 66;206;155; 54; 77;165;127;139;146;118; 76;183;168; 81;192;174;1;169;198; 79; 304;101; 77;169;215;318;101;219; 71;102;218; 70; 46;121; 86;  78; 37;30; 83; 52; 70; 547;147;15; 83; 364;12;145;138;244;173; 55;170; 78; 325;172;107; 85;170; 80; 34;238;10; 250;151;125;1135;237;169;102; 20;145;136; 50;299;108;132; 357; 97;  3;160; 28; 84;105; 70; 778; 0
2020-07-21;2535; 434; 42;119; 94;170;123;243;231; 59;110;189;296; 64;191;149; 36; 87;157;108;120;150;103;107;259;169; 72;183;204;0;141;163; 63; 260; 69; 94;129;137; 75;106;241;114; 87;145; 51; 42; 86; 80; 121; 49;27; 72; 44; 50; 502; 94;10; 54; 343; 9;112;217;249;153; 53;104; 71; 227;182;100; 92;187; 69; 25;169; 5; 301;161;154; 942;212;116;111; 39;109; 64; 29;264; 72;100; 375; 72;  0; 80;182; 65; 67; 76; 596; 0
2020-07-22;2643; 394; 49;138; 79;308;122;243;242; 67;100;180;275; 77;188;133; 35; 74;126;114;120;133;111; 75;164;156; 66;211;101;0;193;186; 61; 265; 95; 80;108;201;101; 92;203; 54; 70;150; 58; 62;190; 72;  62; 49;19; 92; 59; 56; 484; 89;15; 50; 310; 3;125; 87;206;264; 66; 91; 64; 239;124;114;103;164; 85; 93;189; 4; 195;131;126;1000;175;147; 75; 46; 73;103; 56;221; 86;478; 262; 73;  2; 71; 39; 63; 71; 57; 596; 6
2020-07-23;2624; 410; 39;126; 66;171; 95;248;213; 50;110;171;287; 70;196;163; 36; 79;140;118;117;121; 94; 91;233;157; 76;219;160;0;158;159; 77; 259; 77; 59;128;104;257; 73;184; 54; 90;148; 48; 31; 71; 55;  80; 33;20; 83; 31; 59; 452;102; 3;106; 284; 3;198; 86;266;136; 57;130; 70; 237;128; 83; 85;170; 47; 21;132;31; 163;153;120; 878;173; 85; 63; 37; 94; 80; 43;201; 82;168; 251; 78;  2;235; 40; 66;102; 78; 566; 0
2020-07-24;2409; 384; 36;146; 68;187;100;251;254; 69;145;144;169; 56;203;140; 48; 89;131; 98; 91;130;101; 83;348;152; 86;195; 89;0; 95;188; 67; 249; 68; 70;109;159; 71; 79;192;109; 80;146; 62; 53; 71; 78;  98; 61;14; 67; 37; 52; 455;106;10; 79; 303; 5; 92;113;210;158; 85;129;104; 342;146;113; 84;145;115; 36;185; 8; 185;119;116;1022;209;120; 90; 20;124;131; 58;229;101;196; 266; 83;  1; 60; 40; 74;122; 84; 648; 0
2020-07-25;1795; 282; 42;100; 58;263; 79;238;165; 57; 88;134;140; 49;172; 95; 23; 51;114; 99; 63; 80; 66; 50;127;137; 71;128; 75;0;103;122; 56; 145; 48; 41; 61; 88; 63; 59;132; 26; 34; 96; 41; 36;118; 49;  82; 16;11; 47; 39; 36; 357; 56; 7; 60; 267; 6;122; 93;198; 99; 48; 90; 92; 213; 95; 95; 59;145; 53; 21;141; 7; 283;134;112; 756;155; 82; 61; 45; 74; 53; 38;166; 59; 96; 117; 52;  3; 56; 17; 40; 73; 44; 382; 0
2020-07-26;2071; 344; 38;107; 58;269; 62;240;252; 70;115;145;109; 52;148;140; 38; 83; 96;118;111;174;115; 71;163;139; 80;171; 87;0; 95;154; 58; 224; 80; 49; 90;127; 44; 36;132; 27; 66; 84; 48; 50; 53; 55;  90; 28; 8; 63; 49; 44; 434; 83;11; 63; 226; 6; 73; 83;167;112; 52; 72; 79; 270; 87; 57;107;124; 53; 87;168; 1; 120;120; 68; 794;178;140; 66; 44; 50; 82; 43;188; 65; 76; 111; 48;  1; 63; 20; 52; 55; 39; 426; 0
2020-07-27;2944; 538; 53;181; 94;228; 97;305;313; 97;154;175;200; 68;232;169; 58;110;152;147;170;147;133;348;223;185;108;248; 86;1;196;235;116; 382;124; 99;225;221;335;100;262; 58;139;201; 90; 73;110; 88; 105; 51;15;110; 38; 59; 503;141;19;115; 450;11;156;138;277;182; 77;147; 99; 366;157;124;108;263; 64; 49;225; 8; 267;198; 79;1289;275;168;120; 56;156; 99; 71;329;126;169; 358;262;  4;111; 49; 81;126;115; 874; 0
2020-07-28;2808; 481; 51;178;117;453;108;274;330;106;154;208;190; 90;239;159; 42; 99;171;141;147;168;147; 81;308;186; 96;263;246;2;182;167; 88; 345; 75;114;175;214; 90;116;318;103;174;222; 81; 56; 83; 66;  97; 39;28;102; 47; 54; 591;136;11; 66; 453; 9;159;126;292;176; 91;148; 99; 306;156;130; 93;200;132; 45;258; 8; 330;152;179;1225;253;222;229; 31;105;147; 49;285;115;181; 528; 99;  3;106; 50;104;132; 83; 773; 0
2020-07-29;2889; 468; 62;158; 97;232;122;343;339; 82;125;197;201;157;252;158; 77; 77;135;147;150;156;120; 88;181;173;103;232;140;0;214;225;101; 316;128;115;143;242; 96;103;237; 60;147;218; 74; 66;203; 89; 112; 52;23; 79; 63; 66; 625;119;11; 61; 349; 7;182;127;263;180; 78;124;109; 328;177;115;131;245; 57; 90;219; 3; 269;206;100;1281;271;208;130; 79;163; 92; 36;266;117;521; 289;102;  1;100; 63;105;112; 98; 880; 0
2020-07-30;3010; 513; 51;186; 91;302;130;330;252;108;145;235;158;130;213;157; 71;106;184;145;134;174;130; 86;576;179; 73;212;128;0;168;188; 85; 305; 62;144;189;201;352;116;330; 72;321;290;109; 38;104; 91;  92; 43;19;117; 50;133; 535;130; 6; 51; 446; 7;131;111;250;206; 59;139;117; 323;225; 99; 92;157; 79; 36;209;49; 192;156; 87;1165;276;194;108; 21; 97;107; 38;285;243;191; 326; 99; 41; 98; 47;113;122; 89; 873; 0
2020-07-31;2847; 439; 44;147; 79;182;130;285;290; 59;126;189;182;130;220;156; 52;103;177;153;124;126;332; 91;187;184; 90;238;202;0;174;173; 87; 342; 69;116;149;188; 64;126;314;116;233;196; 74; 46;116; 96;  97; 58;29; 96; 60; 67; 498;190; 8; 65; 433; 9;134;126;264;195; 93;167; 86; 326;192;124;109;225; 64; 74;204; 2; 228;204;103;1311;263;147;136; 47;251; 84; 45;318;125;194; 310; 87;  3;393;107;109;139; 92; 735; 0
2020-08-01;2103; 393; 38;145; 62;275; 93;286;192; 50; 96;146;128; 52;180;105; 38; 70;120; 90; 87;130; 74; 58;157;156; 90;186; 75;0; 90;113; 67; 207; 67; 63;112;114; 33; 70;189; 42;135;131; 44; 30;130; 55; 192; 41; 8; 75; 44; 38; 392; 80; 6; 59; 265; 4;128;240;217;129; 51; 87; 80; 231;141;108; 64;116; 96; 29;210; 0; 357;150; 92;1046;166;161; 84; 17; 61;103; 52;245;101; 88; 157; 47;  0; 78; 78; 45; 62; 63; 419; 0
2020-08-02;2474; 443; 48;187; 56;305; 83;375;257; 76; 90;178;131; 54;221;154; 53;106;115;131;110;114; 93; 68;160;174;100;243; 71;0;120;148; 76; 262; 76; 92;112;161; 52; 60;187; 50;116;151; 54; 39; 80; 47;  77; 41;14; 76; 30; 52; 462;101;14; 67; 310; 8;115; 77;197;272; 51;108; 77; 226;167; 88;122;206; 35;100;149; 0; 156;246; 71;1026;223; 91; 96; 78;126; 51; 45;214; 67;109; 180; 70;  3; 95; 41; 75; 85; 71; 529; 0
2020-08-03;3174; 553; 61;176;113;252;323;386;308; 83;124;264;194; 83;202;187; 56; 95;196;123;164;146;147; 89;214;212;110;289;155;1;217;219;121; 390;106;130;282;237;339;143;350; 82;302;328;125; 86;131; 88; 110; 49;36;112; 74; 81; 761;132;11;112; 527;19;247;173;317;256; 77;187;135; 378;210;156; 98;212;121; 39;273; 7; 298;197; 93;1488;337;222;130; 40;177;174; 73;403;207;258; 610;175;  4;116; 74;110;200;104;1021; 0
2020-08-04;3279; 583; 71;229;100;333;378;358;333;107;187;251;170; 91;238;217; 67;116;194;175;161;187;159;113;337;212; 93;238;146;0;206;193;111; 364;114;101;178;272;110;141;377;162;637;289;148; 61;138;120; 112; 57;23;106; 90;100; 735;173;12; 84; 547; 8;181;163;360;219;140;160;104; 437;219;160;141;292;108; 57;230; 5; 479;250;170;1699;289;174;222; 77;214;108; 60;404;141;201; 626;111;  3;103; 85; 94;177; 92;1025; 0
2020-08-05;3274; 563; 75;199;123;310;318;373;351;130;190;245;196; 77;263;167; 57; 99;195;150;152;132;139; 94;198;189;105;231;142;0;201;222;121; 388;255;127;192;303;119;140;386; 90;384;294;121; 73;206;117; 130; 60;25;119; 69; 92; 797;166;23; 69; 464;13;173;181;378;239; 92;165;227; 365;215;151;129;231;107;116;279; 6; 284;222;127;1910;315;242;174; 63;224;183; 57;360;141;457; 398;140;  1;107;103;113;149; 90;1121; 0
2020-08-06;3190; 487; 53;192;117;282;275;352;318;112;148;260;187; 94;281;202; 57;106;212;169;155;169;149;108;359;178;100;242;124;0;182;221;113; 384;110;163;216;253;339;121;489; 69;734;395;170; 58;306;108; 142; 59;25;136; 73;111; 996;176;16; 93; 575;15;163;172;361;214; 90;193;153; 544;171;170;130;270; 71; 62;232;55; 325;323; 89;2933;329;189;167; 77;271;138; 53;315;215;255; 385;101; 43;161;112;109;180; 97; 958; 0
2020-08-07;3053; 538; 79;164;106;309;347;335;291; 95;184;202;231; 77;263;151; 75;120;182;188;166;166;154;105;376;239; 88;233;146;0;176;223;100; 365;157;137;162;243;109;124;485;149;785;288;110; 53;132;101; 181; 60;19;106; 71; 78; 819;155;34;106; 524;15;178;171;399;191; 83;172;151; 396;179;229;116;227;195; 76;293;10; 675;307;202;3242;362;207;178; 36;364;162; 69;434;149;238; 350;138;  4;125; 72; 91;207; 96;1260; 0
2020-08-08;2565; 424; 39;139; 98;212;114;339;282; 98;126;173;156; 76;210;116; 51; 79;142;136;142;157; 98; 74;171;163; 91;224;108;0;128;168; 83; 264; 75;147;101;151; 57; 70;238; 48;321;138; 68; 50;174; 75; 110; 22;16; 90; 34; 55; 524;106; 3; 67; 421; 4;150;109;290;178; 82;135;126; 354;153;208; 86;234;140; 43;264; 1; 958;258;144;3080;282;165;113; 86;200;105; 44;394; 72;150; 184; 76;  1; 93; 43; 73;120; 50; 698; 1
2020-08-09;2827; 478; 65;134; 93;255;108;370;243; 90;132;162;162; 63;235;144; 36; 82;187;122;125;159;116; 82;210;196;123;212; 87;0;155;180; 64; 273; 93;108;134;134; 64; 77;238; 42;303;181; 69; 52; 82; 55;  76; 46;12; 86; 49; 72; 592;105; 3; 90; 222; 4;126;135;249;398; 57; 88; 61; 313;136;197;144;229; 97;118;238; 2; 658;202;116;3384;222;198; 81; 63;142;123; 40;358; 71;138; 157; 74;  1;109; 36;105;159; 80; 659; 1
2020-08-10;3482; 585; 75;199;115;308;418;330;426;118;178;242;234;103;256;212; 67; 92;242;175;162;168;216;117;217;249;115;255;169;0;211;227;133; 414;120;172;262;233;159;170;442; 92;368;329;109; 72;186;118; 148; 85;31; 97; 98; 97; 976;146;15;111; 680;15;204;181;427;267; 99;248;144; 437;230;296;147;498;124; 92;626;17; 915;385;236;3910;392;197;182; 76;343;114; 72;557;178;260; 457;154;  7;318; 80;172;429;158;1115; 0
2020-08-11;3595; 588; 79;236;109;345;371;442;389;131;189;266;221;101;280;209; 92;126;188;190;190;183;174;113;329;215; 94;338;188;2;202;233;113; 376;111;157;211;243;174;169;457; 88;512;293;139; 95;140;105; 131; 69;30;133; 82;397; 898;173;13;123; 562; 9;210;189;368;238; 78;178;150; 439;195;296;173;557;191; 96;784;12;1173;555;343;5041;417;272;287; 56;154;202; 65;648;156;305; 686;150;  3;230;131;122;468;125;1046; 0
2020-08-12;3556; 621; 71;210;134;364;339;379;357;116;186;255;185;100;293;190; 86;110;210;178;170;184;174;119;228;237;114;265;172;1;278;395;133; 450;216;139;202;260;173;155;435; 92;604;340;138; 99;162;123; 238; 83;42;116; 80;859; 852;182;16;132; 555; 7;278;168;380;214; 92;154;174; 420;175;289;258;604;153;196;862; 8;1091;586;185;5432;424;228;194;129;223;143; 91;642;147;623; 461;152;  0;225;114;127;408;122;1033; 0
2020-08-13;3752; 534; 84;228;105;287;333;455;380;131;194;266;189; 98;290;192; 68; 92;210;196;143;344;143;122;325;222;114;298;143;0;223;255;117; 377;127;157;183;237;152;154;436; 93;308;286;143; 83;265;152; 202; 90;32;128; 70;831; 928;216;14;108; 609;12;326;169;340;226; 84;214;126; 444;175;309;182;527;201; 63;931;39;1048;443;234;5059;400;264;154; 31;132;299; 63;579;191;236; 422;225; 81;189; 80;160;337;397;1151; 0
2020-08-14;3332; 576; 63;209;139;291;315;413;337;113;252;276;191;108;275;172; 70; 81;190;168;157;166;148;104;196;213; 95;230;150;0;193;330; 97; 385;119;190;222;247;161;164;512; 76;537;397;185; 83;166;147; 233; 99;27;177;117;727; 979;199;10;118; 758;12;340;144;352;296; 68;192;110; 496;210;265;166;554;339;101;904; 6; 992;612;283;3786;390;200;186; 84;311;217; 89;573;205;241; 423;164;  4;173; 74;145;427;213;1168; 1
2020-08-15;3260; 519; 53;174;104;284;109;479;320;111;200;234;148; 73;222;152; 55;101;170;133;132;177; 97; 69;168;199; 96;249; 91;0;180;207; 92; 328; 90; 89;130;170;106;102;300; 68;240;158; 63; 36; 77; 97; 116; 61;11;122; 49;337; 740;159;12; 82; 586; 8;246;135;232;218; 53;148;132; 335;140;206;108;408;167; 67;704; 3; 688;395;249;3724;301;194;155; 38; 95;284; 58;600;111;138; 237; 93;  1;124; 52;111;157; 82; 832; 0
2020-08-16;3225; 536; 50;163;136;287;123;491;424;109;230;229;169; 93;234;123; 58;104;180;154;156;210;114; 96;214;207; 96;245;102;0;166;194;100; 416; 92; 85;137;155; 87; 84;260; 52;195;155; 57; 59; 90; 77; 113; 61;26;125; 58;485; 709;171;11; 96; 547; 9;235;119;276;206; 68;137;104; 400;140;234;112;432;130;102;731; 4; 610;443;159;3789;277;179;126; 62;171;129; 65;474; 96;150; 238;103;  2;133; 65;118;149; 90; 878; 0
2020-08-17;4048; 645; 83;288;158;311;153;533;374;112;187;268;246;104;290;226;235;110;235;218;185;218;223;133;248;291;123;294;185;0;246;341;152; 558;117;177;311;375;299;209;581;110;407;415;185;110;182;162; 208;101;40;171;101;142;1131;238;20;178; 875;29;327;268;400;444;116;315;304; 702;269;264;187;497;252;127;788;20; 851;481;235;3508;428;389;183; 60;184;265; 98;705;190;300; 555;323; 11;326;101;145;301;155;1303; 1
2020-08-18;4053; 634;112;278;160;334;186;663;406;114;205;315;278;108;444;227;260;136;258;235;189;221;182;131;389;287;129;344;205;0;307;322; 91; 440;127;186;353;315;184;219;600;162;486;332;149; 94;190;186; 220; 95;50;207;108;184;1491;250;20;145; 901;13;294;260;406;440;142;320;311; 635;306;291;212;622;209;130;714; 6; 776;556;369;4032;448;362;199;113;361;322;142;734;214;226; 765;214;  7;248;152;131;319;172;1476; 0
2020-08-19;4531; 671; 78;248;163;358;174;536;430;144;146;356;371;178;340;229;263;120;240;186;186;222;157;124;249;261;143;327;193;0;347;422;110; 492;164;174;341;315;143;178;515; 99;399;392;144;115;217;170; 254;105;43;246;139;150;1801;261;14;174; 870;15;332;259;426;419;156;284;322; 574;272;323;234;577;252;294;989; 9; 953;594;246;3845;446;411;205; 95;306;449; 96;762;193;578; 584;232;  4;185; 90;165;294;190;1592; 0
2020-08-20;4242; 638; 69;253;143;282;179;514;382;147;159;324;279;161;346;234;258;116;210;206;182;200;189;127;375;267;109;291;162;0;342;252;119; 499;117;170;369;280;350;238;450;143;235;328;141; 81;174;195; 245;151;62;198;149;155;1659;296; 5;148;1004;12;320;227;491;363;135;262;311; 641;260;320;196;510;272; 79;973;34;1121;574;396;4120;439;426;196; 98;302;349;127;696;205;247; 560;228; 75;235;100;184;253;167;1576; 0
2020-08-21;3422; 547; 53;214;133;267;175;531;306;146;145;320;232;132;295;266;192;110;217;173;134;181;139;115;217;239; 94;277;146;0;251;274;145; 456;127;147;337;222;138;263;461;144;258;363;129; 92;220;230; 232;117;40;210;145;136;1407;256;13;149; 816;17;267;274;458;755;124;276;237; 587;432;278;223;596;276;259;806; 9;1019;536;270;3498;383;428;185;107;322;359;124;886;196;320; 546;218;  7;384; 89;221;197;215;1659; 0
2020-08-22;3843; 618; 48;177;126;255;161;423;367;138;134;272;238;104;320;223; 52;123;202;189;139;154;140;102;245;232;122;290;117;0;248;210; 85; 429; 85;101;235;170; 97;129;350; 95;203;300;108; 43;234;135; 177; 70;31;127; 99; 92;1337;248;12; 77; 577; 7;252;172;332;217; 90;154;174; 456;178;232;136;369;155; 85;543; 0; 868;391;247;2920;347;354;158; 63;236;299;119;659;153;173; 312;132;  2;128; 64;130;163;105;1108; 0
2020-08-23;4058; 633; 67;219;134;262;162;470;350;141;157;317;203; 90;272;229; 56;130;220;188;164;192;147;103;283;224;100;260; 80;0;231;177; 97; 441; 91;117;163;152;111;136;315; 88;199;266;100; 60;107; 99; 139; 80;18;113; 77; 71;1246;188; 9; 94; 457; 7;257;153;326;362; 90;149;135; 457;207;191;127;323;148; 91;468; 2; 705;363;239;2734;314;440;151; 73;183;239;147;573;139;179; 273;132;  3;128; 37;103;169;102; 979; 0
2020-08-24;4310; 696; 80;236;455;299;173;483;434;149;184;350;256;126;344;280; 89;135;229;245;234;190;189;140;329;301;126;318;232;0;286;289;148; 579;108;214;329;391;402;229;580;182;359;511;201; 95;219;242; 335;122;46;192;169;159;1670;313;17;139; 933;18;387;290;501;535;179;278;254; 640;348;330;224;610;218;119;721;13;1040;580;274;3462;432;665;193;109;299;447;168;686;215;347; 499;236;  5;174;119;155;322;168;1498; 0
2020-08-25;4638; 709;106;297;414;323;210;524;413;208;208;418;301;162;354;321;100;120;273;233;232;216;224;128;410;290;117;362;203;1;301;326;166; 603;139;165;318;297;248;245;507;207;142;325;177;135;187;234; 317;111;52;206;160;135;1629;334;12;170; 862;24;308;303;505;485;314;235;203; 628;430;364;246;589;224;143;716;20;1250;578;522;3332;446;548;205; 90;265;406;147;752;201;326; 614;205;  3;198;117;169;313;149;1536; 0
2020-08-26;4848; 770;116;275;387;324;221;588;457;182;164;393;308;155;371;318;100;159;308;269;227;245;213;146;328;306;134;462;190;0;386;365;159; 562;202;167;296;339;162;227;441;126;173;349;137; 97;194;235; 281;136;60;213;173;168;1925;307;24;115; 828;23;292;311;469;573;227;246;237; 659;378;351;240;522;203;280;780;12;1054;549;262;3297;520;578;236;125;311;365;266;669;206;499; 579;193;  3;189;110;161;285;153;1464; 0
2020-08-27;4327; 718; 95;250;359;326;172;489;455;171;203;408;300;138;345;312;124;151;273;214;191;238;185;109;386;261;130;352;161;1;312;293;164; 577;167;213;306;333;319;191;534;138;366;495;173;119;235;217; 270;150;53;179;160;149;1934;312;12;158; 742;14;300;261;516;450;197;226;215; 680;296;363;239;588;192;125;535;25; 987;481;461;3341;457;563;240;121;293;299;245;689;215;363; 560;212;  2;190;105;159;225;165;1527; 0
2020-08-28;4211; 655; 61;205;117;285;213;437;420;191;154;416;256;121;383;311;114;146;214;230;191;228;184;133;274;266;156;378;143;0;265;330;170; 555;155;161;259;330;164;205;395;189;195;368;153;100;206;191; 267;107;47;186;123;123;1476;308;16;171; 724;15;260;287;504;491;192;254;198; 672;334;318;233;545;166;183;775; 5; 877;485;242;2981;497;475;233; 94;289;304;208;614;177;305; 524;170;  8;207; 83;122;247;152;1347; 0
2020-08-29;3514; 555; 42;175; 92;284;170;360;348;107;158;315;227; 83;277;249; 71;154;152;235;160;190;165;108;248;232; 97;263; 89;2;193;198; 63; 345; 86;114;178;189;104; 95;330; 59;100;245; 73; 78;183;105; 137;128;18;150; 77; 63; 776;155;23;119; 511;14;195;234;392;338;172;207;163; 482;214;215;130;363;108; 77;379; 1; 596;342;161;2093;349;453;208; 68;210;129;126;417;109;357; 325; 87;  1;131; 37; 84;111;108; 717; 0
2020-08-30;3827; 635; 64;180;134;277;160;392;408;100;151;328;259;107;335;221; 80;134;190;188;188;187;150;105;274;229;141;300;103;3;189;203; 74; 380;116; 94;157;215; 77; 97;318; 80; 96;253; 91; 71;100;125; 113;164;15; 92; 81; 67; 933;154;11;401; 420; 8;136;177;303;328;167;174;100; 419;208;192;136;354; 84; 75;336; 1; 511;376; 93;2189;266;319;165; 52;165;227; 70;365;127;194; 437; 84;  2;111; 43; 71;126; 99; 701; 0
2020-08-31;5298; 843; 95;254;203;333;372;570;510;142;193;472;275;115;437;474; 81;162;268;268;214;254;218;142;348;287;166;357;264;0;305;296;198; 593;121;174;283;379;300;202;518;133;188;418;128;102;181;181; 274;283;49;171;165;161;1457;321;36;261; 843;18;289;262;512;465;225;272;266; 740;376;300;227;563;169;148;632;18; 969;536;239;2747;517;459;272;122;322;355;127;601;255;515; 567;246;  6;307;112;190;250;198;1435; 0
2020-09-01;5040; 820;103;290;200;314;337;531;450;149;206;407;251;133;417;277;117;147;269;243;256;272;239;158;366;295;138;470;230;2;299;325;192; 563;127;184;238;377;204;197;448;167;171;422;132;101;258;213; 278;178;34;224;242;136;1588;309;19;233; 777;15;265;271;428;686;175;293;202; 634;320;314;229;507;170;145;580;12;1063;565;430;3060;477;414;343;134;299;337;147;625;212;449; 663;312;  2;144;116;156;233;175;1469; 0
2020-09-02;5176; 826; 86;237;177;297;346;563;522;160;210;438;270;140;428;468; 96;164;271;237;225;237;217;136;348;324;142;404;327;0;337;265;221; 592;199;172;335;375;173;166;475;110;164;388;132; 88;212;235; 290;191;30;204;262;169;1749;303;22;210; 786;11;297;292;504;609;162;295;223; 722;321;356;235;645;224;257;618; 9;1091;548;240;3051;503;443;296; 94;261;349;173;654;260;477; 539;160;  2;211; 76;180;213;312;1403; 0
2020-09-03;4936; 815; 77;241;211;310;329;531;449;189;221;498;296;119;421;346;122;152;268;217;231;238;226;151;287;296;137;335;258;0;334;326;188; 630;158;153;313;322;300;324;485;127;199;386;100; 85;201;223; 305;172;38;214;323;177;2168;298;25;162; 831;15;369;233;505;604;123;278;218; 606;304;338;205;552;208;151;634;11; 741;505;391;3131;454;381;391; 64;253;285; 81;612;237;330; 514;159; 37;227; 82;166;180;135;1280; 0
2020-09-04;4927; 775; 98;227;187;336;309;470;521;171;201;503;288;131;379;280; 98;146;258;218;220;268;192;121;288;274;153;350;489;0;315;398;214; 644;141;194;331;372;164;310;522;145;439;447;188;170;198;214; 329;188;38;199;234;208;2431;314;30;155; 812;16;298;248;517;581;177;244;205; 658;284;330;265;792;181;261;487;16; 814;512;207;2807;503;453;346; 79;217;269;111;569;264;915; 605;192;  2;201; 87;153;152;137;1374; 0
2020-09-05;4276; 627; 80;180;182;272;178;416;400;169;207;455;243;109;336;240;110;123;231;163;169;260;152;111;243;208;110;268;139;1;278;274;137; 467;109;122;192;194; 72;147;342; 75;145;209; 86; 87;136;186; 266;120;36;166;132;137;2176;235;17;108; 683;21;248;186;407;329; 98;199;179; 501;199;202;187;488;112;104;371; 1; 357;266;150;1947;315;288;178; 42;178;181; 73;385;103;373; 269;119;  1;113; 44; 93; 91; 93; 821; 0
2020-09-06;4863; 744;137;368;196;308;195;478;425;115;295;453;283;113;353;297;115;140;197;208;211;285;162;121;289;255;132;307;212;0;276;276;119; 485;150;121;153;181; 99;137;284; 54;114;242; 93;120;115;218; 276;176;31;160;119;127;2571;229;21;119; 522;14;252;186;372;335;110;185;130; 576;217;190;201;325;110; 71;295; 1; 429;189;122;1711;244;188;122; 39;139;126; 58;328;125;268; 450;117;  1;125; 54; 80; 90;122; 933; 0
2020-09-07;6730;1107;123;419;279;394;329;605;707;188;415;575;410;191;428;428;158;192;316;273;299;422;280;190;388;378;208;536;331;1;365;437;227; 773;174;236;457;477;364;324;543;141;212;719;187;158;244;279; 436;227;44;241;240;211;3402;332;19;188; 889;21;307;232;604;514;174;400;193; 937;537;285;344;572;203;121;641;11; 747;430;452;2501;552;373;376;111;331;294;124;640;303;465; 626;247; 10;324;117;184;279;205;1630; 0
2020-09-08;6742;1157;123;400;302;535;337;647;669;216;517;534;480;354;464;445;198;218;345;259;344;446;252;213;535;452;215;492;420;0;584;401;232; 859;244;176;369;454;265;224;419;223;176;610;172;132;264;330; 593;221;54;252;250;210;3273;404;23;208; 930;17;292;274;519;573;158;339;208; 898;416;370;307;607;206;285;552;13; 688;476;247;2840;478;347;360; 93;277;219;106;609;261;492; 680;310;  3;202; 92;169;235;174;1665; 0
2020-09-09;6454;1114; 73;327;399;443;495;588;685;237;403;543;443;275;423;403;162;189;346;278;285;335;239;216;391;453;199;468;388;0;495;370;219; 834;194;197;357;461;197;247;388;171;199;634;206;111;272;398; 637;293;52;237;321;231;3350;370;24;215;1013;29;380;272;594;490;163;417;225; 958;464;332;335;656;222;137;742;12; 706;516;326;3109;666;429;352;126;336;286;181;687;257;428; 672;190;  4;252; 92;141;366;371;1558; 0
2020-09-10;7064;1066; 89;387;304;534;452;593;732;243;433;524;680;286;506;403;194;212;368;332;339;398;278;178;573;452;257;472;416;0;516;433;243; 854;189;205;426;434;429;272;606;149;254;902;250; 99;298;353;1248;204;48;286;266;217;3072;421;27;187;1158;25;325;297;661;513;148;742;226; 928;412;325;285;742;207;114;628;14; 683;451;276;3165;593;404;362;113;344;277;148;701;278;876; 763;213; 13;189; 76;169;299;163;1669; 1
2020-09-11;6346;1116;115;344;301;473;354;499;684;271;318;497;441;194;478;370;255;200;278;269;312;316;303;172;339;505;198;401;365;0;388;435;250; 826;182;242;393;435;250;272;555;251;340;857;294;111;295;426;1303;252;64;297;292;227;3093;539;19;185;1212;36;349;364;714;387;142;556;267; 912;392;306;345;887;181;268;544;17; 636;464;293;3065;582;376;307;103;349;247;113;680;395;989; 844;213;  8;228;171;162;385;263;1577; 3
2020-09-12;6376;1043;106;320;287;413;449;523;743;257;355;518;404;194;426;438;219;168;272;304;221;352;258;160;325;469;253;365;305;0;340;317;158; 715;161;186;281;319;172;182;505;278;193;555;193; 94;211;304; 885;191;47;254;214;181;2417;375;14;137; 909;38;339;280;653;333;112;332;206;1263;297;209;289;765;135; 80;429; 3; 570;309;169;1824;369;269;221; 76;226;148;130;426;303;530; 519;162;  2;139; 46;108;165;127;1113; 2
2020-09-13;6667;1109;113;321;249;450;432;582;686;245;305;442;434;191;427;394;351;178;336;305;295;325;266;174;401;452;187;510;243;0;310;368;226; 811;165;165;306;308;170;203;486;178;201;550;181; 99;193;307; 845;188;51;209;224;223;2231;391;13;162; 999;31;355;229;594;337;148;317;230;1321;306;192;276;820;139; 74;406; 3; 369;308;124;1791;277;269;177; 74;169;166;104;389;310;295; 847;152;  2;134; 51;142;238;124;1371; 0
2020-09-14;8692;1323; 99;406;379;654;437;682;810;243;378;648;514;476;601;524;329;242;439;370;386;422;315;210;439;652;235;604;416;0;447;492;279;1025;287;234;460;547;389;273;651;254;249;867;273;138;267;327; 857;184;83;297;253;315;2003;476;31;214;1487;60;355;287;626;472;185;489;249;1182;394;287;356;837;252;119;669;28; 599;456;206;2385;688;469;303;135;379;233;265;732;504;698;1124;276;  8;165; 86;205;301;181;1686; 1
2020-09-15;5790;1051; 49;192;229;580;201;572;621;229;290;621;403;457;437;397;202;224;374;329;358;376;286;169;655;608;171;446;127;0;306;333;242; 802;124;211;364;535;405;270;597;352;237;889;447;118;251;300; 359;142;65;252;188;246;1853;425;23;124;1172;49;305;232;537;299;107;349;214; 611;223;239;266;705;188;119;622;10; 467;327;174;1833;432;343;277;118;238;253;266;427;314;248; 491;182;  2;139; 66;139;195;112;1153; 0
2020-09-16;1121; 220; 13; 51; 45; 82; 41;125;129; 27; 73; 97; 58; 22; 98; 79; 23; 31; 55; 61; 72; 60; 58; 51; 92; 79; 40; 84; 18;0; 44; 56; 34;  78; 21; 26; 39; 39; 39; 23; 66; 28; 46;124; 51; 14; 37; 99; 160; 55;33; 65; 79; 88; 627;195;22; 23; 217; 7; 84; 79;152;188; 56; 64; 37; 177;109; 26; 32; 49; 10; 15; 44; 1;  52; 42; 16; 194; 26; 24; 11;  5; 14; 21;  4; 33; 49; 32;  81; 27;  0; 20;  7; 29;  5; 20; 194; 0
2020-09-17;   0;   0;  0;  0;  0;  0;  0;  0;  0;  0;  0;  0;  0;  0;  0;  0;  0;  0;  0;  0;  0;  0;  0;  0;  0;  0;  0;  0;  0;0;  1;  0;  0;   0;  0;  0;  0;  0;  0;  0;  0;  0;  0;  0;  0;  0;  0;  0;   0;  0; 0;  0;  0;  0;   0;  0; 0;  0;   1; 0;  0;  0;  0;  0;  0;  0;  0;   1;  0;  0;  0;  0;  0;  0;  0; 0;   0;  0;  0;   1;  1;  0;  0;  0;  0;  0;  0;  0;  0;  0;   0;  0;  0;  0;  0;  0;  0;  0;   0; 0
